filename	title	issuer	year	pages	source_url
QA_2021_QFC_Qatar_Fintech_Report_2021.pdf	Qatar Fintech Report 2021 – Qatari fintech landscape (covers blockchain/crypto/digital assets context)	Qatar Financial Centre	2021	48	https://www.qfc.qa/media/mecj1xsd/qatar-fintech-report-2021.pdf
QA_2023_QFC_PR_Proposals_Digital_Assets_Framework_rendered.pdf	QFC issues proposals for the introduction of a Digital Assets Framework (press release, Oct 2023) [RENDERED from official HTML]	QFC Authority & QFCRA	2023	2	https://www.qfcra.com/news/qfc-issues-proposals-for-the-introduction-of-a-digital-assets-framework/
QA_2024_QFCRA_Investment_Token_Rules_2024_TOKN.pdf	QFCRA Investment Token Rules 2024 (TOKN), Version 1, effective 1 Sep 2024	Qatar Financial Centre Regulatory Authority (QFCRA)	2024	13	https://qfcra-en.thomsonreuters.com/sites/default/files/net_file_store/QFCRA_15114_VER1.pdf
QA_2024_QFCRA_Investment_Tokens_Misc_Amendments_Rules_2024.pdf	Investment Token (Miscellaneous Amendments) Rules 2024 (QFCRA Rules 2024-3), 26 Jun 2024	Qatar Financial Centre Regulatory Authority (QFCRA)	2024	23	https://qfcra-en.thomsonreuters.com/sites/default/files/net_file_store/Investment_Tokens_Miscellaneous_Amendments_Rules_2024_VF_clean.pdf
QA_2024_QFCRA_PR_Crypto_Stablecoins_Excluded_Tokens_rendered.pdf	QFCRA clarifies that cryptocurrencies, stablecoins and certain other virtual assets are Excluded Tokens under the new Digital Assets Framework (Sep 2024) [RENDERED from official HTML]	Qatar Financial Centre Regulatory Authority (QFCRA)	2024	2	https://www.qfcra.com/news/qfc-regulatory-authority-clarifies-that-cryptocurrencies-stablecoins-and-certain-other-virtual-assets-are-excluded-tokens-under-the-new-digital-assets-framework/
QA_2024_QFC_PR_Issues_Digital_Assets_Framework_rendered.pdf	Qatar Financial Centre issues Digital Assets Framework (press release, 1-2 Sep 2024) [RENDERED from official HTML]	QFC Authority & QFCRA	2024	2	https://www.qfcra.com/news/qatar-financial-centre-issues-digital-assets-framework/
QA_2025_QFCA_Rules_V19_incl_Part8_Token_Service_Providers_Code.pdf	QFCA Rules Version 19 (Feb 2025) incl. Part 8 Token Service Providers' Code	QFC Authority (QFCA)	2025	141	https://qfcra-en.thomsonreuters.com/sites/default/files/net_file_store/QFCRA_5172_VER_19.pdf
QA_2025_QFCRA_AML_CFT_Rules_2019_VER5_incl_Token_Provisions.pdf	QFCRA Anti-Money Laundering and Combating the Financing of Terrorism Rules 2019 (AML/CFTR) Version 5, effective 1 Oct 2025 (incl. token service provider / token transfer provisions)	Qatar Financial Centre Regulatory Authority (QFCRA)	2025	137	https://qfcra-en.thomsonreuters.com/sites/default/files/net_file_store/QFCRA_12506_VER5.pdf
QA_2025_QFC_From_Regulation_to_Realisation_Digital_Assets_Report.pdf	From Regulation to Realisation: Shaping the Future of Digital Assets – Digital Assets Policy Roundtable report (22 May 2025)	Qatar Financial Centre (with Global Stratalogues / GBBC)	2025	58	https://www.qfc.qa/media/mkgg5kvd/qfc_dapr_report_-_22_may_2025.pdf
QA_2025_Research_Carnegie_Future_of_Cryptocurrency_in_GCC_rendered.pdf	RESEARCH: The Future of Cryptocurrency in the Gulf Cooperation Council Countries (May 2025) [RENDERED from HTML article body]	Carnegie Endowment for International Peace	2025	10	https://carnegieendowment.org/research/2025/05/the-future-of-cryptocurrency-in-the-gulf-cooperation-council-countries?lang=en
QA_2025_Research_LOC_FALQs_Crypto_Regulation_GCC_Part2_rendered.pdf	RESEARCH: Regulation of Cryptocurrencies in the GCC Countries, Part Two (Qatar, Kuwait, Oman), Jan 2025 [RENDERED from HTML]	US Law Library of Congress	2025	5	https://blogs.loc.gov/law/2025/01/regulation-of-cryptocurrencies-in-the-gulf-cooperation-council-gcc-countries-part-two/
QA_2026_QFC_Digital_Assets_Business_Solutions_Page_rendered.pdf	QFC – Digital Assets business solutions page (tokenisation framework overview) [RENDERED from official HTML, fetched 2026-10-09]	Qatar Financial Centre	2026	6	https://www.qfc.qa/en/business-solutions/digital-assets/
QA_2026_QFC_Tax_Regulations_VER7_incl_Part11A_Digital_Assets.pdf	QFC Tax Regulations VER7 (Jan 2026) incl. Part 11A Digital Assets	QFC Authority	2026	82	https://qfcra-en.thomsonreuters.com/sites/default/files/net_file_store/QFCRA_7103_VER7.pdf
