filename	title	series/number	year	pages	source_url
BIS_2015_CPMI_Digital_currencies.pdf	Digital currencies	CPMI Papers No 137	2015	24	https://www.bis.org/publications/digital-currencies.pdf
BIS_2017_CPMI_Distributed_ledger_technology_payment_clearing_settlement.pdf	Distributed ledger technology in payment, clearing and settlement - an analytical framework	CPMI Papers No 157	2017	29	https://www.bis.org/publications/distributed-ledger-technology-payment-clearing-and-settlement-analytical-framework.pdf
BIS_2017_Central_bank_cryptocurrencies.pdf	Central bank cryptocurrencies	BIS publication	2017	16	https://www.bis.org/publications/central-bank-cryptocurrencies_1.pdf
BIS_2018_AER_V_Cryptocurrencies_looking_beyond_hype.pdf	V. Cryptocurrencies: looking beyond the hype	BIS Annual Economic Report chapter	2018	24	https://www.bis.org/publications/cryptocurrencies-looking-beyond-hype.pdf
BIS_2018_Regulating_cryptocurrencies_assessing_market_reactions.pdf	Regulating cryptocurrencies: assessing market reactions	BIS publication	2018	15	https://www.bis.org/publications/regulating-cryptocurrencies-assessing-market-reactions_0.pdf
BIS_2019_BCBS_Designing_prudential_treatment_crypto_assets.pdf	Designing a prudential treatment for crypto-assets	Consultative Fintech	2019	18	https://www.bis.org/publications/201912-consultation-designing-prudential-treatment-crypto-assets.pdf
BIS_2019_CPMI_Investigating_impact_global_stablecoins.pdf	Investigating the impact of global stablecoins	CPMI Papers No 187	2019	37	https://www.bis.org/publications/investigating-impact-global-stablecoins.pdf
BIS_2019_CPMI_Wholesale_digital_tokens.pdf	Wholesale digital tokens	CPMI Papers No 190	2019	21	https://www.bis.org/publications/wholesale-digital-tokens.pdf
BIS_2019_WP765_Beyond_doomsday_economics_proof_work_cryptocurrencies.pdf	Beyond the doomsday economics of "proof-of-work" in cryptocurrencies	BIS Working Paper No 765	2019	31	https://www.bis.org/publications/working-paper-765-beyond-doomsday-economics-proof-work-cryptocurrencies.pdf
BIS_2019_WP811_Embedded_supervision_how_build_regulation_decentralised.pdf	Embedded supervision: how to build regulation into decentralised finance	BIS Working Paper No 811	2019	31	https://www.bis.org/publications/working-paper-811-embedded-supervision-how-build-regulation-decentralised-finance.pdf
BIS_2020_BISIH_Project_Helvetia_Phase_I_settling_tokenised.pdf	Project Helvetia Phase I: settling tokenised assets in central bank money	Innovation Hub project report	2020	38	https://www.bis.org/publications/project-helvetia-phase-i-settling-tokenised-assets-central-bank-money.pdf
BIS_2020_WP902_early_stablecoin_Bank_Amsterdam_governance_money.pdf	An early stablecoin? The Bank of Amsterdam and the governance of money	BIS Working Paper No 902	2020	45	https://www.bis.org/publications/working-paper-902-early-stablecoin-bank-amsterdam-and-governance-money.pdf
BIS_2020_WP905_Stablecoins_risks_potential_regulation.pdf	Stablecoins: risks, potential and regulation	BIS Working Paper No 905	2020	31	https://www.bis.org/publications/working-paper-905-stablecoins-risks-potential-and-regulation.pdf
BIS_2021_AER_III_CBDCs_opportunity_monetary_system.pdf	III. CBDCs: an opportunity for the monetary system	BIS Annual Economic Report chapter	2021	31	https://www.bis.org/publications/cbdcs-opportunity-monetary-system.pdf
BIS_2021_BCBS_Prudential_treatment_cryptoasset_exposures.pdf	Prudential treatment of cryptoasset exposures	Consultative Operational risk Market risk Credit risk	2021	25	https://www.bis.org/publications/202106-consultation-prudential-treatment-cryptoasset-exposures.pdf
BIS_2021_BISIH_Project_Genesis_Report1.pdf	Project Genesis: prototype digital platforms for green bond tokenisation (report 1)	Innovation Hub project report	2021	82	https://www.bis.org/publications/project-genesis-prototype-digital-platforms-green-bond-tokenisation-report-1.pdf
BIS_2021_BISIH_Project_Genesis_Report2.pdf	Project Genesis: prototype digital platforms for green bond tokenisation (report 2)	Innovation Hub project report	2021	26	https://www.bis.org/publications/project-genesis-prototype-digital-platforms-green-bond-tokenisation-report-2.pdf
BIS_2021_BISIH_Project_Genesis_Report3.pdf	Project Genesis: prototype digital platforms for green bond tokenisation (report 3)	Innovation Hub project report	2021	32	https://www.bis.org/publications/project-genesis-prototype-digital-platforms-green-bond-tokenisation-report-3.pdf
BIS_2021_BISIH_Project_Jura_cross_border_settlement_wholesale.pdf	Project Jura: cross-border settlement using wholesale CBDC	Innovation Hub project report	2021	28	https://www.bis.org/publications/project-jura-cross-border-settlement-using-wholesale-cbdc.pdf
BIS_2021_CPMI_Application_Principles_Financial_Market_Infrastructures_stablecoin.pdf	Application of the Principles for Financial Market Infrastructures to stablecoin arrangements	CPMI Papers No 198	2021	22	https://www.bis.org/publications/application-principles-financial-market-infrastructures-stablecoin-arrangements.pdf
BIS_2021_DeFi_risks_decentralisation_illusion.pdf	DeFi risks and the decentralisation illusion	BIS publication	2021	16	https://www.bis.org/publications/defi-risks-and-decentralisation-illusion_0.pdf
BIS_2021_FSIInsight31_Supervising_cryptoassets_anti_money_laundering.pdf	Supervising cryptoassets for anti-money laundering	FSI Insights No 31	2021	27	https://www.bis.org/publications/fsi-insight-31-supervising-cryptoassets-anti-money-laundering.pdf
BIS_2021_WP924_Distributed_ledgers_governance_money.pdf	Distributed ledgers and the governance of money	BIS Working Paper No 924	2021	83	https://www.bis.org/publications/working-paper-924-distributed-ledgers-and-governance-money.pdf
BIS_2021_WP951_Distrust_or_speculation_socioeconomic_drivers_U.pdf	Distrust or speculation? the socioeconomic drivers of U.S. cryptocurrency investments	BIS Working Paper No 951	2021	52	https://www.bis.org/publications/working-paper-951-distrust-or-speculation-socioeconomic-drivers-us-cryptocurrency-investments.pdf
BIS_2021_WP973_digital_money_mean_emerging_market_developing.pdf	What does digital money mean for emerging market and developing economies?	BIS Working Paper No 973	2021	26	https://www.bis.org/publications/working-paper-973-what-does-digital-money-mean-emerging-market-and-developing-economies.pdf
BIS_2022_AER_III_future_monetary_system.pdf	III. The future monetary system	BIS Annual Economic Report chapter	2022	41	https://www.bis.org/publications/future-monetary-system.pdf
BIS_2022_BCBS_Prudential_treatment_cryptoasset_exposures.pdf	Prudential treatment of cryptoasset exposures	Standards Operational risk Market risk Credit risk	2022	36	https://www.bis.org/publications/202212-standards-prudential-treatment-cryptoasset-exposures.pdf
BIS_2022_BCBS_Prudential_treatment_cryptoasset_exposures_second_consultation.pdf	Prudential treatment of cryptoasset exposures - second consultation	Consultative Operational risk Market risk Credit risk	2022	39	https://www.bis.org/publications/202206-consultation-prudential-treatment-cryptoasset-exposures-second-consultation.pdf
BIS_2022_BISIH_Genesis_2_0_smart_contract_based.pdf	Genesis 2.0: smart contract-based carbon credits attached to green bonds	Innovation Hub project report	2022	87	https://www.bis.org/publications/genesis-20-smart-contract-based-carbon-credits-attached-green-bonds.pdf
BIS_2022_BISIH_Project_Helvetia_Phase_II_settling_tokenised.pdf	Project Helvetia Phase II: settling tokenised assets in wholesale CBDC	Innovation Hub project report	2022	42	https://www.bis.org/publications/project-helvetia-phase-ii-settling-tokenised-assets-wholesale-cbdc.pdf
BIS_2022_Bull56_Blockchain_scalability_fragmentation_crypto.pdf	Blockchain scalability and the fragmentation of crypto	BIS Bulletin No 56	2022	9	https://www.bis.org/publications/bulletin-56-blockchain-scalability-and-fragmentation-crypto.pdf
BIS_2022_Bull57_DeFi_lending_intermediation_without_information.pdf	DeFi lending: intermediation without information?	BIS Bulletin No 57	2022	9	https://www.bis.org/publications/bulletin-57-defi-lending-intermediation-without-information.pdf
BIS_2022_Bull58_Miners_as_intermediaries_extractable_value_market.pdf	Miners as intermediaries: extractable value and market manipulation in crypto and DeFi	BIS Bulletin No 58	2022	8	https://www.bis.org/publications/bulletin-58-miners-intermediaries-extractable-value-and-market-manipulation-crypto-and-defi.pdf
BIS_2022_CPMI_Application_Principles_Financial_Market_Infrastructures_stablecoin.pdf	Application of the Principles for Financial Market Infrastructures to stablecoin arrangements (final version)	CPMI Papers	2022	24	https://www.bis.org/publications/application-principles-financial-market-infrastructures-stablecoin-arrangements-final-version.pdf
BIS_2022_WP1013_Banking_shadow_Bitcoin_institutional_adoption_cryptocurrencies.pdf	Banking in the shadow of Bitcoin? The institutional adoption of cryptocurrencies	BIS Working Paper No 1013	2022	25	https://www.bis.org/publications/working-paper-1013-banking-shadow-bitcoin-institutional-adoption-cryptocurrencies.pdf
BIS_2022_WP1015_DLT_based_enhancement_cross_border_payment.pdf	DLT-based enhancement of cross-border payment efficiency - a legal and regulatory perspective	BIS Working Paper No 1015	2022	51	https://www.bis.org/publications/working-paper-1015-dlt-based-enhancement-cross-border-payment-efficiency-legal-and-regulatory-perspective.pdf
BIS_2022_WP1049_Crypto_trading_Bitcoin_prices_evidence_database.pdf	Crypto trading and Bitcoin prices: evidence from a new database of retail adoption	BIS Working Paper No 1049	2022	42	https://www.bis.org/publications/working-paper-1049-crypto-trading-and-bitcoin-prices-evidence-new-database-retail-adoption.pdf
BIS_2022_WP1061_Cryptocurrencies_Decentralised_Finance_DeFi.pdf	Cryptocurrencies and Decentralised Finance (DeFi)	BIS Working Paper No 1061	2022	79	https://www.bis.org/publications/working-paper-1061-cryptocurrencies-and-decentralised-finance-defi.pdf
BIS_2022_WP1062_Systemic_fragility_decentralised_markets.pdf	Systemic fragility in decentralised markets	BIS Working Paper No 1062	2022	43	https://www.bis.org/publications/working-paper-1062-systemic-fragility-decentralised-markets.pdf
BIS_2023_AER_III_Blueprint_future_monetary_system_improving.pdf	III. Blueprint for the future monetary system: improving the old, enabling the new	BIS Annual Economic Report chapter	2023	34	https://www.bis.org/publications/blueprint-future-monetary-system-improving-old-enabling-new.pdf
BIS_2023_BCBS_Cryptoasset_standard_amendments.pdf	Cryptoasset standard amendments	Consultative Operational risk Market risk Credit risk	2023	19	https://www.bis.org/publications/202312-consultation-cryptoasset-standard-amendments.pdf
BIS_2023_BCBS_Disclosure_cryptoasset_exposures.pdf	Disclosure of cryptoasset exposures	Consultative Credit risk Disclosure Liquidity risk	2023	17	https://www.bis.org/publications/202310-consultation-disclosure-cryptoasset-exposures.pdf
BIS_2023_BISIH_Project_Atlas_mapping_world_decentralised_finance.pdf	Project Atlas: mapping the world of decentralised finance	Innovation Hub project report	2023	40	https://www.bis.org/publications/project-atlas-mapping-world-decentralised-finance.pdf
BIS_2023_BISIH_Project_Mariana_final_report.pdf	Project Mariana: cross-border exchange of wholesale CBDCs using automated market-makers (final report)	Innovation Hub project report	2023	37	https://www.bis.org/publications/project-mariana-cross-border-exchange-wholesale-cbdcs-using-automated-market-makers-final-report.pdf
BIS_2023_BISIH_Project_Mariana_interim_report.pdf	Project Mariana: Cross-border exchange of wholesale CBDCs using automated market-makers (interim report)	Innovation Hub project report	2023	19	https://www.bis.org/publications/project-mariana-cross-border-exchange-wholesale-cbdcs-using-automated-market-makers-interim-report.pdf
BIS_2023_Bull66_Addressing_risks_crypto_laying_out_options.pdf	Addressing the risks in crypto: laying out the options	BIS Bulletin No 66	2023	9	https://www.bis.org/publications/bulletin-66-addressing-risks-crypto-laying-out-options.pdf
BIS_2023_Bull69_Crypto_shocks_retail_losses.pdf	Crypto shocks and retail losses	BIS Bulletin No 69	2023	8	https://www.bis.org/publications/bulletin-69-crypto-shocks-and-retail-losses.pdf
BIS_2023_Bull72_tokenisation_continuum.pdf	The tokenisation continuum	BIS Bulletin No 72	2023	9	https://www.bis.org/publications/bulletin-72-tokenisation-continuum.pdf
BIS_2023_Bull73_Stablecoins_tokenised_deposits_implications_singleness_money.pdf	Stablecoins versus tokenised deposits: implications for the singleness of money	BIS Bulletin No 73	2023	9	https://www.bis.org/publications/bulletin-73-stablecoins-versus-tokenised-deposits-implications-singleness-money.pdf
BIS_2023_Bull76_oracle_problem_future_DeFi.pdf	The oracle problem and the future of DeFi	BIS Bulletin No 76	2023	9	https://www.bis.org/publications/bulletin-76-oracle-problem-and-future-defi.pdf
BIS_2023_CPMI_Considerations_use_stablecoin_arrangements_cross_border.pdf	Considerations for the use of stablecoin arrangements in cross-border payments	CPMI Papers	2023	37	https://www.bis.org/publications/considerations-use-stablecoin-arrangements-cross-border-payments.pdf
BIS_2023_FSIInsight49_Crypto_tokens_DeFi_navigating_regulatory_landscape.pdf	Crypto, tokens and DeFi: navigating the regulatory landscape	FSI Insights No 49	2023	50	https://www.bis.org/publications/fsi-insight-49-crypto-tokens-and-defi-navigating-regulatory-landscape.pdf
BIS_2023_FSISummary_FSB_proposed_framework_international_regulation_cryptoasset.pdf	FSB proposed framework for the international regulation of cryptoasset activities - Executive Summary	FSI Executive Summaries	2023	4	https://www.bis.org/publications/fsi-summary-fsb-proposed-framework-international-regulation-cryptoasset-activities-executive-summary.pdf
BIS_2023_FSISummary_Prudential_treatment_cryptoasset_exposures_Executive_Summary.pdf	Prudential treatment of cryptoasset exposures - Executive Summary	FSI Executive Summaries	2023	3	https://www.bis.org/publications/fsi-summary-prudential-treatment-cryptoasset-exposures-executive-summary.pdf
BIS_2023_FSISummary_financial_stability_risks_decentralised_finance_Executive.pdf	The financial stability risks of decentralised finance - Executive Summary	FSI Executive Summaries	2023	3	https://www.bis.org/publications/fsi-summary-financial-stability-risks-decentralised-finance-executive-summary.pdf
BIS_2023_Paper136_Making_headway_Results_2022_BIS_survey.pdf	Making headway - Results of the 2022 BIS survey on central bank digital currencies and crypto	BIS Paper No 136	2023	32	https://www.bis.org/publications/paper-136-making-headway-results-2022-bis-survey-central-bank-digital-currencies-and-crypto.pdf
BIS_2023_Paper138_Financial_stability_risks_cryptoassets_emerging_market.pdf	Financial stability risks from cryptoassets in emerging market economies	BIS Paper No 138	2023	51	https://www.bis.org/publications/paper-138-financial-stability-risks-cryptoassets-emerging-market-economies.pdf
BIS_2023_Paper141_Will_real_stablecoin_please_stand_up.pdf	Will the real stablecoin please stand up?	BIS Paper No 141	2023	29	https://www.bis.org/publications/paper-141-will-real-stablecoin-please-stand.pdf
BIS_2023_WP1066_Technology_Decentralized_Finance_DeFi.pdf	The Technology of Decentralized Finance (DeFi)	BIS Working Paper No 1066	2023	36	https://www.bis.org/publications/working-paper-1066-technology-decentralized-finance-defi.pdf
BIS_2023_WP1087_Crypto_carry.pdf	Crypto carry	BIS Working Paper No 1087	2023	54	https://www.bis.org/publications/working-paper-1087-crypto-carry.pdf
BIS_2023_WP1104_Crypto_Multiplier.pdf	The Crypto Multiplier	BIS Working Paper No 1104	2023	18	https://www.bis.org/publications/working-paper-1104-crypto-multiplier.pdf
BIS_2023_WP1116_Absolute_blockchain_strength_Evidence_ABS_market.pdf	Absolute blockchain strength? Evidence from the ABS market in China	BIS Working Paper No 1116	2023	31	https://www.bis.org/publications/working-paper-1116-absolute-blockchain-strength-evidence-abs-market-china.pdf
BIS_2023_WP1117_impossibility_theorem_truth_telling_fully_decentralised.pdf	An impossibility theorem on truth-telling in fully decentralised systems	BIS Working Paper No 1117	2023	17	https://www.bis.org/publications/working-paper-1117-impossibility-theorem-truth-telling-fully-decentralised-systems.pdf
BIS_2023_WP1146_par_Money_View_stablecoins.pdf	On par: A Money View of stablecoins	BIS Working Paper No 1146	2023	27	https://www.bis.org/publications/working-paper-1146-par-money-view-stablecoins.pdf
BIS_2023_crypto_ecosystem_key_elements_risks.pdf	The crypto ecosystem: key elements and risks	BIS publication	2023	27	https://www.bis.org/publications/crypto-ecosystem-key-elements-and-risks.pdf
BIS_2024_BCBS_Cryptoasset_standard_amendments.pdf	Cryptoasset standard amendments	Standards Operational risk Market risk Liquidity risk	2024	10	https://www.bis.org/publications/202407-standards-cryptoasset-standard-amendments.pdf
BIS_2024_BCBS_Disclosure_cryptoasset_exposures.pdf	Disclosure of cryptoasset exposures	Standards Disclosure	2024	16	https://www.bis.org/publications/202407-standards-disclosure-cryptoasset-exposures.pdf
BIS_2024_BCBS_Novel_risks_mitigants_uncertainties_permissionless_distributed.pdf	Novel risks, mitigants and uncertainties with permissionless distributed ledger technologies	BCBS Working Papers No 44 Fintech	2024	31	https://www.bis.org/publications/novel-risks-mitigants-and-uncertainties-permissionless-distributed-ledger-technologies.pdf
BIS_2024_BISIH_Project_Pyxtrial_monitoring_backing_stablecoins.pdf	Project Pyxtrial: monitoring the backing of stablecoins	Innovation Hub project report	2024	56	https://www.bis.org/publications/project-pyxtrial-monitoring-backing-stablecoins.pdf
BIS_2024_CPMI_Tokenisation_context_money_other_assets_concepts.pdf	Tokenisation in the context of money and other assets: concepts and implications for central banks	CPMI Papers	2024	36	https://www.bis.org/publications/tokenisation-context-money-and-other-assets-concepts-and-implications-central-banks.pdf
BIS_2024_FSIInsight57_Stablecoins_regulatory_responses_promise_stability.pdf	Stablecoins: regulatory responses to their promise of stability	FSI Insights No 57	2024	26	https://www.bis.org/publications/fsi-insight-57-stablecoins-regulatory-responses-their-promise-stability.pdf
BIS_2024_FSISummary_Recommendations_Regulation_Supervision_Oversight_Global_Stablecoin.pdf	Recommendations for the Regulation, Supervision and Oversight of Global Stablecoin Arrangements - Executive Summary	FSI Executive Summaries	2024	2	https://www.bis.org/publications/fsi-summary-recommendations-regulation-supervision-and-oversight-global-stablecoin-arrangements-executive-summary.pdf
BIS_2024_FSISummary_financial_stability_implications_multifunction_cryptoasset_intermediaries.pdf	The financial stability implications of multifunction cryptoasset intermediaries - Executive Summary	FSI Executive Summaries	2024	3	https://www.bis.org/publications/fsi-summary-financial-stability-implications-multifunction-cryptoasset-intermediaries-executive-summary.pdf
BIS_2024_Paper147_Embracing_diversity_advancing_together_results_2023.pdf	Embracing diversity, advancing together - results of the 2023 BIS survey on central bank digital currencies and crypto	BIS Paper No 147	2024	39	https://www.bis.org/publications/paper-147-embracing-diversity-advancing-together-results-2023-bis-survey-central-bank-digital-currencies-and-crypto.pdf
BIS_2024_WP1164_Public_information_stablecoin_runs.pdf	Public information and stablecoin runs	BIS Working Paper No 1164	2024	71	https://www.bis.org/publications/working-paper-1164-public-information-and-stablecoin-runs.pdf
BIS_2024_WP1171_DeFi_leverage.pdf	DeFi leverage	BIS Working Paper No 1171	2024	46	https://www.bis.org/publications/working-paper-1171-defi-leverage.pdf
BIS_2024_WP1178_Finternet_financial_system_future.pdf	Finternet: the financial system for the future	BIS Working Paper No 1178	2024	44	https://www.bis.org/publications/working-paper-1178-finternet-financial-system-future.pdf
BIS_2024_WP1183_Why_DeFi_lending_Evidence_Aave_V2.pdf	Why DeFi lending? Evidence from Aave V2	BIS Working Paper No 1183	2024	53	https://www.bis.org/publications/working-paper-1183-why-defi-lending-evidence-aave-v2.pdf
BIS_2024_WP1201_Crypto_exchange_tokens.pdf	Crypto exchange tokens	BIS Working Paper No 1201	2024	44	https://www.bis.org/publications/working-paper-1201-crypto-exchange-tokens.pdf
BIS_2024_WP1219_Stablecoins_money_market_funds_monetary_policy.pdf	Stablecoins, money market funds and monetary policy	BIS Working Paper No 1219	2024	25	https://www.bis.org/publications/working-paper-1219-stablecoins-money-market-funds-and-monetary-policy.pdf
BIS_2024_WP1227_Decentralised_dealers_Examining_liquidity_provision_decentralised.pdf	Decentralised dealers? Examining liquidity provision in decentralised exchanges	BIS Working Paper No 1227	2024	52	https://www.bis.org/publications/working-paper-1227-decentralised-dealers-examining-liquidity-provision-decentralised-exchanges.pdf
BIS_2025_BISIH_Project_Pine_central_bank_open_market.pdf	Project Pine: central bank open market operations with smart contracts	Innovation Hub project report	2025	36	https://www.bis.org/publications/project-pine-central-bank-open-market-operations-smart-contracts.pdf
BIS_2025_BISIH_Project_Promissa_tokenisation_promissory_notes.pdf	Project Promissa: tokenisation of promissory notes	Innovation Hub project report	2025	36	https://www.bis.org/publications/project-promissa-tokenisation-promissory-notes.pdf
BIS_2025_Bull107_Tokenisation_government_bonds_assessment_roadmap.pdf	Tokenisation of government bonds: assessment and roadmap	BIS Bulletin No 107	2025	8	https://www.bis.org/publications/bulletin-107-tokenisation-government-bonds-assessment-and-roadmap.pdf
BIS_2025_Bull108_Stablecoin_growth_policy_challenges_approaches.pdf	Stablecoin growth - policy challenges and approaches	BIS Bulletin No 108	2025	8	https://www.bis.org/publications/bulletin-108-stablecoin-growth-policy-challenges-and-approaches.pdf
BIS_2025_Bull111_approach_anti_money_laundering_compliance_cryptoassets.pdf	An approach to anti-money laundering compliance for cryptoassets	BIS Bulletin No 111	2025	8	https://www.bis.org/publications/bulletin-111-approach-anti-money-laundering-compliance-cryptoassets.pdf
BIS_2025_Bull115_rise_tokenised_money_market_funds.pdf	The rise of tokenised money market funds	BIS Bulletin No 115	2025	8	https://www.bis.org/publications/bulletin-115-rise-tokenised-money-market-funds.pdf
BIS_2025_CCA_Leveraging_tokenisation_payments_financial_transactions.pdf	Leveraging tokenisation for payments and financial transactions	CCA report	2025	26	https://www.bis.org/publications/leveraging-tokenisation-payments-and-financial-transactions.pdf
BIS_2025_FSIBrief27_Stablecoin_related_yields_regulatory_approaches.pdf	Stablecoin-related yields: some regulatory approaches	FSI Briefs No 27	2025	14	https://www.bis.org/publications/fsi-brief-27-stablecoin-related-yields-some-regulatory-approaches.pdf
BIS_2025_FSISummary_Financial_stability_implications_tokenisation_Executive_Summary.pdf	Financial stability implications of tokenisation - Executive Summary	FSI Executive Summaries	2025	3	https://www.bis.org/publications/fsi-summary-financial-stability-implications-tokenisation-executive-summary.pdf
BIS_2025_Paper156_Cryptocurrencies_decentralised_finance_functions_financial_stability.pdf	Cryptocurrencies and decentralised finance: functions and financial stability implications	BIS Paper No 156	2025	25	https://www.bis.org/publications/paper-156-cryptocurrencies-and-decentralised-finance-functions-and-financial-stability-implications.pdf
BIS_2025_Paper159_Advancing_tandem_results_2024_BIS_survey.pdf	Advancing in tandem - results of the 2024 BIS survey on central bank digital currencies and crypto	BIS Paper No 159	2025	39	https://www.bis.org/publications/paper-159-advancing-tandem-results-2024-bis-survey-central-bank-digital-currencies-and-crypto.pdf
BIS_2025_WP1265_DeFiying_gravity_empirical_analysis_cross_border.pdf	DeFiying gravity? An empirical analysis of cross-border Bitcoin, Ether and stablecoin flows	BIS Working Paper No 1265	2025	40	https://www.bis.org/publications/working-paper-1265-defiying-gravity-empirical-analysis-cross-border-bitcoin-ether-and-stablecoin-flows.pdf
BIS_2025_WP1268_Towards_verifiability_total_value_locked_TVL.pdf	Towards verifiability of total value locked (TVL) in decentralized finance	BIS Working Paper No 1268	2025	19	https://www.bis.org/publications/working-paper-1268-towards-verifiability-total-value-locked-tvl-decentralized-finance.pdf
BIS_2025_WP1270_Stablecoins_safe_asset_prices.pdf	Stablecoins and safe asset prices	BIS Working Paper No 1270	2025	54	https://www.bis.org/publications/working-paper-1270-stablecoins-and-safe-asset-prices.pdf
BIS_2025_WP1301_Competing_digital_monies.pdf	Competing digital monies	BIS Working Paper No 1301	2025	29	https://www.bis.org/publications/working-paper-1301-competing-digital-monies.pdf
BIS_2025_WP1311_When_bricks_meet_bytes_tokenisation_fill.pdf	When bricks meet bytes: does tokenisation fill gaps in traditional real estate markets?	BIS Working Paper No 1311	2025	60	https://www.bis.org/publications/working-paper-1311-when-bricks-meet-bytes-does-tokenisation-fill-gaps-traditional-real-estate-markets_0.pdf
BIS_2026_AER_III_Anchoring_trust_money_innovation_beyond.pdf	III. Anchoring trust in money: innovation beyond stablecoins	BIS Annual Economic Report chapter	2026	45	https://www.bis.org/publications/anchoring-trust-money.pdf
BIS_2026_BISIH_Project_Agora_shared_programmable_platform_wholesale.pdf	Project Agorá: a shared programmable platform for wholesale cross-border payments	Innovation Hub project report	2026	97	https://www.bis.org/publications/project-agora-shared-programmable-platform-wholesale-cross-border-payments.pdf
BIS_2026_Bull125_Stablecoin_remuneration_centralised_exchanges.pdf	Stablecoin remuneration on centralised exchanges	BIS Bulletin No 125	2026	8	https://www.bis.org/publications/bulletin-125-stablecoin-remuneration-centralised-exchanges.pdf
BIS_2026_Bull126_Blockchain_consensus_mechanisms_fragmentation.pdf	Blockchain consensus mechanisms and fragmentation	BIS Bulletin No 126	2026	8	https://www.bis.org/publications/bulletin-126-blockchain-consensus-mechanisms-and-fragmentation.pdf
BIS_2026_FSIBrief33_Regulating_stablecoin_issuance_permissible_entities_activities.pdf	Regulating stablecoin issuance: permissible entities and activities	FSI Briefs No 33	2026	17	https://www.bis.org/publications/fsi-brief-33-regulating-stablecoin-issuance-permissible-entities-and-activities.pdf
BIS_2026_FSIOP27_Cryptoasset_service_providers_as_financial_intermediaries.pdf	Cryptoasset service providers as financial intermediaries: risks and policy approaches	FSI Occasional Papers No 27	2026	38	https://www.bis.org/publications/fsi-paper-27-cryptoasset-service-providers-financial-intermediaries-risks-and-policy-approaches.pdf
BIS_2026_FSISummary_Implementation_global_regulatory_framework_cryptoassets_stablecoins.pdf	Implementation of global regulatory framework for cryptoassets and stablecoins - Executive Summary	FSI Executive Summaries	2026	3	https://www.bis.org/publications/fsi-summary-implementation-global-regulatory-framework-cryptoassets-and-stablecoins-executive-summary.pdf
BIS_2026_Paper166_cash_crypto_towards_consistent_regulatory_approach.pdf	From cash to crypto: towards a consistent regulatory approach to illicit payments	BIS Paper No 166	2026	24	https://www.bis.org/publications/paper-166-cash-crypto-towards-consistent-regulatory-approach-illicit-payments.pdf
BIS_2026_Paper170_impact_stablecoins_international_monetary_financial_system.pdf	The impact of stablecoins on the international monetary and financial system	BIS Paper No 170	2026	33	https://www.bis.org/publications/paper-170-impact-stablecoins-international-monetary-and-financial-system.pdf
BIS_2026_WP1335_Tokenomics_blockchain_fragmentation.pdf	Tokenomics and blockchain fragmentation	BIS Working Paper No 1335	2026	33	https://www.bis.org/publications/working-paper-1335-tokenomics-and-blockchain-fragmentation.pdf
BIS_2026_WP1340_Stablecoin_flows_spillovers_FX_markets.pdf	Stablecoin flows and spillovers to FX markets	BIS Working Paper No 1340	2026	69	https://www.bis.org/publications/working-paper-1340-stablecoin-flows-and-spillovers-fx-markets.pdf
BIS_2026_WP1355_Making_stablecoins_stable_r_regulation_help.pdf	Making stablecoins stable(r): can regulation help?	BIS Working Paper No 1355	2026	55	https://www.bis.org/publications/working-paper-1355-making-stablecoins-stabler-can-regulation-help.pdf
BIS_2026_WP1359_anatomy_stablecoin_transactions.pdf	The anatomy of stablecoin transactions	BIS Working Paper No 1359	2026	58	https://www.bis.org/publications/working-paper-1359-anatomy-stablecoin-transactions.pdf
BIS_2026_WP1363_macroeconomics_stablecoins.pdf	The macroeconomics of stablecoins	BIS Working Paper No 1363	2026	48	https://www.bis.org/publications/working-paper-1363-macroeconomics-stablecoins.pdf
BIS_2026_WP1370_Dollarisation_monetary_control_lessons_rise_stablecoins.pdf	Dollarisation and monetary control: what lessons for the rise of stablecoins?	BIS Working Paper No 1370	2026	37	https://www.bis.org/publications/dollarisation-and-monetary-control-what-lessons-rise-stablecoins.pdf
BIS_2026_WP1374_Verifiable_official_statistics_blockchain_based_approach.pdf	Verifiable official statistics: a blockchain-based approach	BIS Working Paper No 1374	2026	56	https://www.bis.org/publications/working-paper-1374-verifiable-official-statistics-blockchain-based-approach_1.pdf
BIS_2026_WP1377_Hidden_by_complexity_Measuring_stablecoin_crypto.pdf	Hidden by complexity? Measuring stablecoin, crypto and decentralised finance ecosystems	BIS Working Paper No 1377	2026	28	https://www.bis.org/publications/working-paper-1377-hidden-complexity-measuring-stablecoin-crypto-and-decentralised-finance-ecosystems.pdf
