filename	title	issuer/author	year	pages	source_url
BT_2024_IMF_ArticleIV_CR24-298.pdf	Bhutan: 2024 Article IV Consultation - Press Release; Staff Report; Statement by the Executive Director (IMF Country Report No. 24/298)	International Monetary Fund	2024	92	https://www.elibrary.imf.org/downloadpdf/view/journals/002/2024/298/002.2024.issue-298-en.pdf
BT_2026_IMF_ArticleIV2025_CR26-19.pdf	Bhutan: 2025 Article IV Consultation - Press Release; and Staff Report (IMF Country Report No. 26/19; discusses bitcoin holdings)	International Monetary Fund	2026	84	https://www.elibrary.imf.org/downloadpdf/view/journals/002/2026/019/002.2026.issue-019-en.pdf
BT_2026_IMF_TA_Fintech_Regulatory_Sandbox.pdf	Bhutan: Technical Assistance Report - Review and Diagnostic of the Fintech Regulatory Sandbox Framework (covers crypto)	International Monetary Fund (MCM)	2026	46	https://www.elibrary.imf.org/downloadpdf/view/journals/019/2026/013/019.2026.issue-013-en.pdf
BT_2026_IMF_TA_Financial_Sector_Stability_Review.pdf	Bhutan: Technical Assistance Report - Financial Sector Stability Review (crypto/virtual assets discussed)	International Monetary Fund (MCM/STA)	2026	58	https://www.elibrary.imf.org/downloadpdf/view/journals/019/2026/039/019.2026.issue-039-en.pdf
BT_2025_GMC_Financial_Services_Act_2025.pdf	Financial Services Act 2025 (Statutes of the Gelephu Mindfulness City) - omnibus law for financial services and virtual assets	Gelephu Mindfulness City	2025	319	https://gmc-image-storage.s3.ap-southeast-1.amazonaws.com/legislatioin/u1v2pwtpqxia31knvi7edstv.pdf
BT_2026_GMC_GFSO_Virtual_Asset_Guidance.pdf	Virtual Asset Guidance 2026 (Version 1.0)	Gelephu Financial Services Office (GFSO), GMC	2026	34	https://gmc.bt/pdfs/GFSO_Virtual_Asset_Guidance.pdf
BT_2026_GMC_GFSO_Conduct_of_Business_Rulebook.pdf	Conduct of Business Rulebook (COBS) 2026 v1.0 (incl. virtual asset provisions)	Gelephu Financial Services Office (GFSO), GMC	2026	150	https://gmc.bt/pdfs/17.02.2026%20_1630_GFSO_Conduct_of_Business%20(COBS)_Rulebook.pdf
BT_2026_GMC_GFSO_AML_Sanctions_Rulebook.pdf	Anti-Money Laundering and Sanctions Rulebook (AML) 2026 v1.1	Gelephu Financial Services Office (GFSO), GMC	2026	105	https://gmc.bt/pdfs/10.03.2026_1330_GFSO_AML_Rulebook.pdf
BT_2026_GMC_GFSO_Market_Infrastructure_Rulebook.pdf	Market Infrastructure Rulebook (MIR) 2026 v1.0	Gelephu Financial Services Office (GFSO), GMC	2026	120	https://gmc.bt/pdfs/25.03.2026_1345_GFSO_Market_Infrastructure_Rulebook_(MIR).docx.pdf
BT_2026_GMC_GFSO_General_Rulebook.pdf	General Rulebook (GEN) 2026 v1.0	Gelephu Financial Services Office (GFSO), GMC	2026	105	https://gmc.bt/pdfs/GENERAL_RULEBOOK_2026_.pdf
BT_2026_GMC_GFSO_Glossary_Rulebook.pdf	Glossary Rulebook (GLO) 2026 v1.0 (defines virtual asset terms)	Gelephu Financial Services Office (GFSO), GMC	2026	80	https://gmc.bt/pdfs/GLO_Rulebook-Final.pdf
BT_2026_GMC_GFSO_Fund_Rulebook.pdf	Fund Rulebook (FUNDS) 2026 v1.0	Gelephu Financial Services Office (GFSO), GMC	2026	138	https://gmc.bt/pdfs/FUND_RULEBOOK_Ver_1.0_26.05.2026.pdf
BT_2026_GMC_GFSO_Prudential_Insurance_Rulebook.pdf	Prudential Insurance Business Rulebook (PIN) 2026 v1.0	Gelephu Financial Services Office (GFSO), GMC	2026	130	https://gmc.bt/pdfs/Prudential_Insurance_Business_Rulebook_16.02.26.pdf
BT_2024_GMC_Application_of_Laws_Act_2024.pdf	Application of Laws Act 2024 (applies ADGM financial/digital-asset laws in GMC Phase One)	Gelephu Mindfulness City	2024	11	https://gmc-image-storage.s3.ap-southeast-1.amazonaws.com/legislatioin/jsgr3bgwj08meocxl3ab0jtt.pdf
BT_2025_GMC_Application_of_Laws_Amendment_Act_2025.pdf	Application of Laws (Amendment) Act 2025 (No. 7 of 2025)	Gelephu Mindfulness City	2025	5	https://gmc.bt/pdfs/GMC_Application_of_Laws_(Amendment)_Act_2025_(No._7_of_2025).pdf
BT_2026_GMC_Application_of_Laws_Amendment_Act_2026.pdf	Application of Laws (Amendment) Act 2026 (No. 7 of 2026)	Gelephu Mindfulness City	2026	2	https://gmc.bt/pdfs/GMC_Application_of_Laws_(Amendment)_Act_2026_(No._7_of_2026).pdf
BT_2024_GMC_Royal_Charter.pdf	Royal Charter of Gelephu Mindfulness City Special Administrative Region	His Majesty the King of Bhutan (Royal Charter)	2024	5	https://gmc-image-storage.s3.ap-southeast-1.amazonaws.com/legislatioin/ff6qho5sstlxip549gkrvabx.pdf
BT_2023_DHI_Annual_Report_2023.pdf	DHI Annual Report 2023 (digital assets portfolio, NDI)	Druk Holding and Investments	2023	129	https://dhi.bt/content/publication/2025/Annual-Report-2023.pdf
BT_2024_DHI_Annual_Report_2024.pdf	DHI Annual Report 2024 (digital assets / bitcoin portfolio disclosure)	Druk Holding and Investments	2024	143	https://dhi.bt/content/publication/2025/Annual-Report-2024.pdf
BT_2025_DHI_Annual_Report_2025.pdf	DHI Annual Report 2025 (image-only PDF, no text layer; content not text-verified)	Druk Holding and Investments	2025	77	https://dhi.bt/content/publication/2026/DHI-Annual-Report-2025.pdf
BT_2025_DHI_10X_Journey_Group_Roadmap.pdf	10X Journey - DHI Group Roadmap (Finance & Digital Assets pillar)	Druk Holding and Investments	2025	43	https://dhi.bt/content/publication/2025/10X-Journey-DHI-Group-Roadmap.pdf
BT_2024_WorldBank_Bhutan_Development_Update_Apr2024.pdf	Bhutan Development Update, April 2024 (crypto-mining investment and imports)	World Bank	2024	41	https://documents.worldbank.org/curated/en/099501004012435478/pdf/IDU1759321fa12def14d4e184141198c9abcdf67.pdf
BT_2024_WorldBank_Macro_Poverty_Outlook_Apr2024.pdf	Macro Poverty Outlook for Bhutan, April 2024	World Bank	2024	2	https://documents.worldbank.org/curated/en/099035504052429365/pdf/IDU1d6a6de711937414ab11a34116b751bc23b26.pdf
BT_2024_WorldBank_Macro_Poverty_Outlook_Oct2024.pdf	Macro Poverty Outlook for Bhutan, October 2024	World Bank	2024	2	https://documents.worldbank.org/curated/en/099702310152435688/pdf/IDU1ba49e82c174691402a1bc961d57e40121e39.pdf
BT_2023_WorldBank_Public_Expenditure_Review.pdf	Bhutan - Public Expenditure Review (mentions crypto mining)	World Bank	2023	140	https://documents.worldbank.org/curated/en/099062923235023642/pdf/P1750421bc28de0961aadc1edbd7b705ea8.pdf
BT_2024_ADB_Asian_Development_Outlook_Apr2024_Bhutan.pdf	Asian Development Outlook April 2024: Bhutan	Asian Development Bank	2024	5	https://www.adb.org/sites/default/files/publication/957856/bhu-ado-april-2024.pdf
BT_2025_ADB_Asian_Development_Outlook_Apr2025_Bhutan.pdf	Asian Development Outlook April 2025: Bhutan	Asian Development Bank	2025	5	https://www.adb.org/sites/default/files/publication/1044336/bhu-ado-april-2025.pdf
BT_2026_ADB_Asian_Development_Outlook_Apr2026_Bhutan.pdf	Asian Development Outlook April 2026: Bhutan (crypto-mining investment, equipment imports, power demand)	Asian Development Bank	2026	6	https://www.adb.org/sites/default/files/publication/1135881/bhu-ado-april-2026.pdf
BT_2026_BhutanJournal_Adhikari_Bitcoin_Digital_Currency_Mining.pdf	Bitcoin and Digital Currency Mining in Bhutan (The Bhutan Journal 6(1))	Bikram Adhikari	2026	18	https://bhutanwatch.org/wp-content/uploads/2026/01/B-Adhikari.pdf
