title	journal	year	url	reason
The role of cryptocurrencies in financial transactions considering modern global conditions [Eman Fouad]	Archives of Agriculture Sciences Journal	2020	https://aasj.journals.ekb.eg/article_155061_ee3648ea887b7cf2d87b2e1216f612d0.pdf (doi:10.21608/aasj.2020.155061)	EKB host unreachable from sandbox (connection reset, upstream failure); no copy found on Semantic Scholar/Unpaywall/DOAJ/archive.org
Predicting Cryptocurrency Startup Success: An Ensemble Learning Model for Initial Coin Offering Return Forecasting [Reham Moustafa Essa]	Damanhour Journal of Intelligent Systems and Informatics	2026	https://doi.org/10.21608/djis.2026.477670.1022	EKB host unreachable from sandbox (connection reset, upstream failure); no copy found on Semantic Scholar/Unpaywall/DOAJ/archive.org
Double Spending Attacks in Decentralized Digital Currencies: Challenges and Countermeasures [ِِAmaal Elessawy; Ibrahim Gad; Hatem Abdelkader; Asmaa Haroun]	IJCI. International Journal of Computers and Information	2023	https://ijci.journals.ekb.eg/article_319298_7841203a95849da2f1841c5cb5527e72.pdf (doi:10.21608/ijci.2023.236377.1140)	EKB host unreachable from sandbox (connection reset, upstream failure); no copy found on Semantic Scholar/Unpaywall/DOAJ/archive.org
"Bitcoin Sentiment Analysis with LIME-Driven Insights" [sarah Osama anis; Mohammed Mabrouk Morsey; Mostafa Aref]	International Journal of Intelligent Computing and Information Sciences	2025	https://doi.org/10.21608/ijicis.2025.411793.1418	EKB host unreachable from sandbox (connection reset, upstream failure); no copy found on Semantic Scholar/Unpaywall/DOAJ/archive.org
ونشر الكتب الإلكترونية: دراسة وصفية استكشافية(NFT: Non-fungible token) الرموز غير القابلة للإستبدال [AYA FAIZ Abdelmalik Goda]	International Journal of Library and Information Sciences	2023	https://ijlis.journals.ekb.eg/article_292542_011efd1e58827712a0f0ca54d824b043.pdf (doi:10.21608/ijlis.2023.198718.1183)	EKB host unreachable from sandbox (connection reset, upstream failure); no copy found on Semantic Scholar/Unpaywall/DOAJ/archive.org
العوامل المؤثرة نحو قبول الدفع بالعملات المشفرة من وجهة نظر السائحين والشركات السياحية [Takwa Essawy]	Journal of Association of Arab Universities for Tourism and Hospitality	2023	https://jaauth.journals.ekb.eg/article_306342_73e7c31add47e2cd85b853fdffb07b17.pdf (doi:10.21608/jaauth.2023.209407.1451)	EKB host unreachable from sandbox (connection reset, upstream failure); no copy found on Semantic Scholar/Unpaywall/DOAJ/archive.org
The impact of Bitcoin Electronic Trust Factors on Hotel Transactions as a Mechanism for Digital Transformation in Egypt [Mohamed Zohry; Mohamed Alsaied]	Journal of Association of Arab Universities for Tourism and Hospitality	2021	https://doi.org/10.21608/jaauth.2021.75942.1177	EKB host unreachable from sandbox (connection reset, upstream failure); no copy found on Semantic Scholar/Unpaywall/DOAJ/archive.org
Bitcoin_ML: An Efficient Framework for Bitcoin Price Prediction Using Machine Learning [Maged Farouk; Nashwa Shaker; Diaa AbdElminaam; Omnia Elrashidy; Lana Mandour; Malak Mesbah; Jana Walid; Mariam Ahmed; Rawan Attia; Nouran Ahmed; Reda Elazab]	Journal of Computing and Communication	2024	https://jocc.journals.ekb.eg/article_339923_ba6c7f5f228ff10ec8b062941c520913.pdf (doi:10.21608/jocc.2024.339923)	EKB host unreachable from sandbox (connection reset, upstream failure); no copy found on Semantic Scholar/Unpaywall/DOAJ/archive.org
The Risks of Using Digital Currencies on Economic Growth in Some Asian Countries مخاطر استخدام العملات الرقمية على النمو الاقتصادى فى بعض الدول الأسيوية [Khaled Gaweesh; Halah Bassiony; Mohamed Abdallah]	Journal of the Advances in Agricultural Researches	2023	https://jalexu.journals.ekb.eg/article_321707_aa5f94686ccd00a10073df24299eae7a.pdf (doi:10.21608/jalexu.2023.234942.1154)	EKB host unreachable from sandbox (connection reset, upstream failure); no copy found on Semantic Scholar/Unpaywall/DOAJ/archive.org
قانونية العملات الرقمية المشفرة "بيتكوين" في ظل التشريعات العربية والدولية [احمد حمدى احمد حسن]	L' Egypte Contemporaine	2023	https://doi.org/10.21608/espesl.2023.194836.1051	EKB host unreachable from sandbox (connection reset, upstream failure); no copy found on Semantic Scholar/Unpaywall/DOAJ/archive.org
مخاطر العملات الافتراضية في نظر السياسة الجنائية [اشرف توفيق شمس الدين]	L' Egypte Contemporaine	2019	https://espesl.journals.ekb.eg/article_214475_61ee85b34943c7c3df4e65f667841d68.pdf (doi:10.21608/espesl.2019.214475)	EKB host unreachable from sandbox (connection reset, upstream failure); no copy found on Semantic Scholar/Unpaywall/DOAJ/archive.org
النقود الرقمية فى الاقتصاد الوضعي والاقتصاد الاسلامى [عبد الرؤوف احمد الحنفى]	L' Egypte Contemporaine	2021	https://espesl.journals.ekb.eg/article_229846_d80528118c6398c6e8d099f5be0a5590.pdf (doi:10.21608/espesl.2021.229846)	EKB host unreachable from sandbox (connection reset, upstream failure); no copy found on Semantic Scholar/Unpaywall/DOAJ/archive.org
The Impact of Crypto Currencies on Economy: The Revolution of Bitcoin: Current Situation and Future Prospective [marwa Salah Eldin Fahmy]	L' Egypte Contemporaine	2019	https://espesl.journals.ekb.eg/article_214677_9594da0c9e107c11f5c979b6cb9bda63.pdf (doi:10.21608/espesl.2019.214677)	EKB host unreachable from sandbox (connection reset, upstream failure); no copy found on Semantic Scholar/Unpaywall/DOAJ/archive.org
العملات الافتراضية وتأثيرها على الاقتصاد العربي [مدحت نافع]	آفاق عربية و إقليمية	2025	https://doi.org/10.21608/afar.2025.530603	EKB host unreachable from sandbox (connection reset, upstream failure); no copy found on Semantic Scholar/Unpaywall/DOAJ/archive.org
إطار مقترح لعلاج مشکلات التحاسب الضريبي المحتملة لنشاط العملات الرقمية المشفرة في مصر(دراسة نظرية ميدانية) [السيد زکريا ابراهيم]	التجارة والتمويل	2022	https://caf.journals.ekb.eg/article_246182_dbda7481c36ae89304999a1f288ed96c.pdf (doi:10.21608/caf.2022.246182)	EKB host unreachable from sandbox (connection reset, upstream failure); no copy found on Semantic Scholar/Unpaywall/DOAJ/archive.org
دراسة مقارنة للعلاقة بين تقلبات أسعار العملات الرقمية وقيم مؤشرات أسواق الأوراق الماليةبالتطبيق على منطقة شمال افريقيا والشرق (MENAالأوسط [هبة سرور]	التجارة والتمويل	2022	https://caf.journals.ekb.eg/article_263790_bb47e243ffda3aaf7810fd70bccfbc59.pdf (doi:10.21608/caf.2022.263790)	EKB host unreachable from sandbox (connection reset, upstream failure); no copy found on Semantic Scholar/Unpaywall/DOAJ/archive.org
أثر المحاسبة عن الأصول الرقمية على محاور التنمية المستدامة دراسة تطبيقية على البنوك التجارية [إيمان السيد محمد عبدالله]	التجارة والتمويل	2023	https://caf.journals.ekb.eg/article_317363_657372c61020ab6f1131d9f3f936a71c.pdf (doi:10.21608/caf.2023.317363)	EKB host unreachable from sandbox (connection reset, upstream failure); no copy found on Semantic Scholar/Unpaywall/DOAJ/archive.org
العملات الافتراضية في الشريعة الإسلامية "البتکوين أنموذجاً" [الحسين محمد فاروق على محمود عيسي]	الدراية	2019	https://drya.journals.ekb.eg/article_139210_f402153df7766758e5b5bdb30fb2ae31.pdf (doi:10.21608/drya.2019.139210)	EKB host unreachable from sandbox (connection reset, upstream failure); no copy found on Semantic Scholar/Unpaywall/DOAJ/archive.org
مشکلات المحاسبة عن العملات الرقمیة المشفرة فی ضوء متطلبات المعاییر الدولیة لإعداد التقاریر المالیة (IFRS)- دراسة نظریة میدانیة [عبد التواب محمد عزت]	الفکر المحاسبى	2019	https://atasu.journals.ekb.eg/article_60796_b56a99a9cb6f22a6b27b1f121dd24302.pdf (doi:10.21608/atasu.2019.60796)	EKB host unreachable from sandbox (connection reset, upstream failure); no copy found on Semantic Scholar/Unpaywall/DOAJ/archive.org
إطار للمعالجة المحاسبية والضريبية لشركات تعدين العملات الرقمية ( دراسة تطبيقية ) [أحمد رفعت السيد محمد]	الفکر المحاسبى	2026	https://doi.org/10.21608/atasu.2026.500303	EKB host unreachable from sandbox (connection reset, upstream failure); no copy found on Semantic Scholar/Unpaywall/DOAJ/archive.org
الإشكالات المنهجية للدراسات الفقهية المقارنة، دراسة تطبيقية على قضية العملات الرقمية (البيتكوين نموذجًا). [نهى احمد عبد الحميد عيد]	المؤتمر العلمي الدولي الأول بکلية الدراسات الإسلامية والعربية للبنات بمدينة السادات	2025	https://icfgs.journals.ekb.eg/article_449792_8109b14207ad84f3750aab53751f2040.pdf (doi:10.21608/icfgs.2025.449792)	EKB host unreachable from sandbox (connection reset, upstream failure); no copy found on Semantic Scholar/Unpaywall/DOAJ/archive.org
تحديات الفتوى في العصر الرقمي "إشكالات العملات الافتراضية نموذجا دراسة فقهية تأصليه" [سماح شعبان علي الشاعر]	المؤتمر العلمي الدولي الأول بکلية الدراسات الإسلامية والعربية للبنات بمدينة السادات	2025	https://doi.org/10.21608/icfgs.2025.450126	EKB host unreachable from sandbox (connection reset, upstream failure); no copy found on Semantic Scholar/Unpaywall/DOAJ/archive.org
المحاسبة عن الأصول الرقمية في بيئة الميتافيرس - دراسة ميدانية [زينب خلف]	المجلة الدولية للبحوث الإدارية و الاقتصادية	2025	https://doi.org/10.21608/ijade.2024.313661.1023	EKB host unreachable from sandbox (connection reset, upstream failure); no copy found on Semantic Scholar/Unpaywall/DOAJ/archive.org
نهج الحكومات تجاه العملات الرقمية [علی اکبر شمس; هدی مطوری]	المجلة الدولية للعلوم القانونية و المعلوماتية	2025	https://doi.org/10.21608/ijslc.2025.361015.1014	EKB host unreachable from sandbox (connection reset, upstream failure); no copy found on Semantic Scholar/Unpaywall/DOAJ/archive.org
أثار استخدام العملات الالکترونية المشفرة في النظام النقدي الدولي - عملة البتکوين نموذجاً [اسلام محمد محمود]	المجلة العربية للآداب والدراسات الإنسانية	2020	https://ajahs.journals.ekb.eg/article_73633_5ce69301eaab006e5d2e8e95148cedc3.pdf (doi:10.21608/ajahs.2020.73633)	EKB host unreachable from sandbox (connection reset, upstream failure); no copy found on Semantic Scholar/Unpaywall/DOAJ/archive.org
Navigating Digital Currency Regulation: Implications for International Collaboration Effectiveness “Evidence from the UAE” [Tamadher Aldabbagh]	المجلة العربية للإدارة	2025	https://aja.journals.ekb.eg/article_445469_8aaad2c0af48148c8d002f0f5dcd3123.pdf (doi:10.21608/aja.2025.405547.1902)	EKB host unreachable from sandbox (connection reset, upstream failure); no copy found on Semantic Scholar/Unpaywall/DOAJ/archive.org
البيتكوين وأثره على البيئة خلال الفترة (01/2018 - 12/2022) [زينب القطيفي; أحلام المسعي]	المجلة العربية للإدارة	2024	https://aja.journals.ekb.eg/article_340246_06cbcc57a3b488f7e603b5ca141f0897.pdf (doi:10.21608/aja.2024.251770.1565)	EKB host unreachable from sandbox (connection reset, upstream failure); no copy found on Semantic Scholar/Unpaywall/DOAJ/archive.org
جرائم العملات الرقمية وعلاقتها بوسائل الإعلام [حافظ ‏ لصفر]	المجلة العربية للمعلوماتية وأمن المعلومات	2025	https://jinfo.journals.ekb.eg/article_461941_d3a58e9e7b575f621989503343bdbe10.pdf (doi:10.21608/jinfo.2025.461941)	EKB host unreachable from sandbox (connection reset, upstream failure); no copy found on Semantic Scholar/Unpaywall/DOAJ/archive.org
"العملات الرقمية في ميزان الشرع: دراسة مقارنة" [حنان عبدالكريم احمد محمد]	المجلة العلمية بکلية الآداب	2025	https://jartf.journals.ekb.eg/article_407600_53ed9a28ebe583b473a6457bb626c668.pdf (doi:10.21608/jartf.2025.407600)	EKB host unreachable from sandbox (connection reset, upstream failure); no copy found on Semantic Scholar/Unpaywall/DOAJ/archive.org
حكم تداول العملات الرقمية بين اعتبارها نقدا أو سلعة دراسة مقارنة بين المذاهب الفقهية والقرارات المعاصرة [أمجد نتو]	المجلة العلمية بکلية الآداب	2026	https://doi.org/10.21608/jartf.2026.515069.2806	EKB host unreachable from sandbox (connection reset, upstream failure); no copy found on Semantic Scholar/Unpaywall/DOAJ/archive.org
طار مقترح لمشكلات المحاسبة والمراجعة عن الأصول الرقمية فى ضوء المعايير الدولية لأعداد التقارير المالية دراسة ميدانية اطار مقترح لمشكلات المحاسبة والمراجعة عن الأصول الرقمية فى ضوء المعايير الدولية لأعداد التقارير المالية دراسة ميدانية [محمود عطيه أسماعيل محمد]	المجلة العلمية لقطاع کليات التجارة بجامعة الأزهر	2025	https://doi.org/10.21608/jsfc.2025.432089	EKB host unreachable from sandbox (connection reset, upstream failure); no copy found on Semantic Scholar/Unpaywall/DOAJ/archive.org
اطار مقترح لمشكلات المحاسبة والم ا رجعة عن الأصول الرقمية فى ضوء المعايير الدولية لأعداد التقارير المالية [محمود عطيه أسماعيل اسماعيل]	المجلة العلمية لقطاع کليات التجارة بجامعة الأزهر	2025	https://doi.org/10.21608/jsfc.2025.367773.1017	EKB host unreachable from sandbox (connection reset, upstream failure); no copy found on Semantic Scholar/Unpaywall/DOAJ/archive.org
"دور إستخدام تقنيات الذكاء الإصطناعي التوليدي (Gen AI) والرموز غير القابلة للإستبدال (NFT) على أداء المنشأة وتتبع أصولها المحاسبية الرقمية "دراسة إستشرافية" [هـدير يـحـي عبد المهـدى]	المجلة العلمية للإقتصاد و التجارة	2025	https://doi.org/10.21608/jsec.2025.459076	EKB host unreachable from sandbox (connection reset, upstream failure); no copy found on Semantic Scholar/Unpaywall/DOAJ/archive.org
اثر المحاسبة عن الأصول الرقمية علي المراجعة (دراسة ميدانية) (A Field Study)The Impact of Accounting for Digital Assets on Auditing [اسلام مصطفي مازن; حاتم عبد الفتاح الشعراوي; Ahmed El-Sayed Mohammed Abo-Donia]	المجلة العلمية للبحوث التجارية (جامعة المنوفية)	2026	https://doi.org/10.21608/sjsc.2026.500007.1697	EKB host unreachable from sandbox (connection reset, upstream failure); no copy found on Semantic Scholar/Unpaywall/DOAJ/archive.org
A Proposed Model for Accounting of Digital Assets and Its Impact on The Characteristics of Accounting Information Quality: An Applied Study [بسنت سيد احمد]	المجلة العلمية للبحوث والدراسات التجارية	2026	https://doi.org/10.21608/sjrbs.2026.476042.2604	EKB host unreachable from sandbox (connection reset, upstream failure); no copy found on Semantic Scholar/Unpaywall/DOAJ/archive.org
القياس والإفصاح المحاسبي للعملات المشفرة في ظل المعيار المحاسبي IFRS [أمينة عبد العزيز عبد المجيد; مصــطــفي علـي البــاز; سمــر منصور السباعي]	المجلة العلمية للدراسات التجارية والبيئية	2025	https://doi.org/10.21608/jces.2025.459176	EKB host unreachable from sandbox (connection reset, upstream failure); no copy found on Semantic Scholar/Unpaywall/DOAJ/archive.org
" تأثير الأصول الرقمية على تحقيق الاستقرار المالي للشركات بالأسواق المالية: دراسة ميدانية " [علاء كامل حسن خليفة; سمر أحمد السيد السواح]	المجلة العلمية للدراسات التجارية والبيئية	2024	https://jces.journals.ekb.eg/article_372393_56d92086f7babbca0d94b341303a71e5.pdf (doi:10.21608/jces.2024.372393)	EKB host unreachable from sandbox (connection reset, upstream failure); no copy found on Semantic Scholar/Unpaywall/DOAJ/archive.org
The Relationship Between Bitcoin Trading Volume and Stock Market Activity: A Panel Data Analysis of 19 Countries (2014-2023) [Salma Mahran; Doaa Salman; Islam Abdelbary]	المجلة العلمية للدراسات التجارية والبيئية	2026	https://doi.org/10.21608/jces.2026.505606	EKB host unreachable from sandbox (connection reset, upstream failure); no copy found on Semantic Scholar/Unpaywall/DOAJ/archive.org
أثر محددات القياس والإفصاح المحاسبي عن الأصول الرقمية على تفعيل العلاقة بين عوائد وسيولة الأسهم: نموذج مقترح وأدلة تطبيقية بالبورصة المصرية [محمد موسى علي شحاتة]	المجلة العلمية للدراسات المحاسبية	2023	https://sjar.journals.ekb.eg/article_322796_5aa2cf36deef55e3e3c44eded00386a4.pdf (doi:10.21608/sjar.2023.322796)	EKB host unreachable from sandbox (connection reset, upstream failure); no copy found on Semantic Scholar/Unpaywall/DOAJ/archive.org
دور تفعيل أنشطة المراجعة الرقمية بشأن العملات المشفرة في ترشيد قرارات المستثمرين بالبيئة المصرية [أحمد سيد طه سيد]	المجلة العلمية للدراسات والبحوث المالية والإدارية‎	2023	https://masf.journals.ekb.eg/article_325470_0e28c960bc119f0dd7713a817980b435.pdf (doi:10.21608/masf.2023.325470)	EKB host unreachable from sandbox (connection reset, upstream failure); no copy found on Semantic Scholar/Unpaywall/DOAJ/archive.org
The Impact of Complex Accounting Estimates and Fair-Valued Cryptocurrencies on Audit Effort – Working Paper [Prof. Dr. Abdelwahab Nasr Ali; Mona Abdelrahman Fathy Helal]	المجلة العلمية للدراسات والبحوث المالية والإدارية‎	2023	https://masf.journals.ekb.eg/article_325374_6aa650fb61b3b2b29376f13287d554fb.pdf (doi:10.21608/masf.2023.325374)	EKB host unreachable from sandbox (connection reset, upstream failure); no copy found on Semantic Scholar/Unpaywall/DOAJ/archive.org
أثر المحاسبة عن الأصول المشفرة على القيمة السوقية للمنشأة [داليا عادل عباس ناصر; حنان حسن جاد الله; إيمان أحمد هلالي]	المجلة العلمية للدراسات والبحوث المالية والتجارية	2025	https://cfdj.journals.ekb.eg/article_441054_ec40f3626268c853badb14d9cc7bd191.pdf (doi:10.21608/cfdj.2025.400938.2314)	EKB host unreachable from sandbox (connection reset, upstream failure); no copy found on Semantic Scholar/Unpaywall/DOAJ/archive.org
الأزمات المتكررة في أسواق العملات المشفرة وانعكاساتها على تطور معايير المراجعة. (دراسة ميدانية) [ولاء نصرالدين جاد]	المجلة العلمية لکلية التجارة (أسيوط)	2024	https://doi.org/10.21608/sjcf.2024.283839.1076	EKB host unreachable from sandbox (connection reset, upstream failure); no copy found on Semantic Scholar/Unpaywall/DOAJ/archive.org
العملات الرقمية نشأتها وتطورها ومخاطر التعامل فيها [أحمد يحيى محمد علي]	المجلة العلمية لکلية التجارة (أسيوط)	2021	https://sjcf.journals.ekb.eg/article_246535_94c0dff74f18a7742053e84c2c607c3b.pdf (doi:10.21608/sjcf.2021.246535)	EKB host unreachable from sandbox (connection reset, upstream failure); no copy found on Semantic Scholar/Unpaywall/DOAJ/archive.org
العملات الرقمية بين الجواز والمنع في الفقه الإسلامي (البتكوين أنموذجاً) [عبد الله سعد سالم العازمي]	المجلة العلمية کلية الدراسات الإسلامية والعربية للبنين	2025	https://doi.org/10.21608/jafd.2025.479820	EKB host unreachable from sandbox (connection reset, upstream failure); no copy found on Semantic Scholar/Unpaywall/DOAJ/archive.org
خصائص العملات المشفرة بین المنافع والتهدیدات واتجاهات القواعد التنظیمیة [أسامة وجدی ودیع; أمیرة حسانین محمد]	المجلة العلمیة للإقتصاد و التجارة	2019	https://jsec.journals.ekb.eg/article_94585_fa2142b5803dc03dcc6a7fba812b8cc7.pdf (doi:10.21608/jsec.2019.94585)	EKB host unreachable from sandbox (connection reset, upstream failure); no copy found on Semantic Scholar/Unpaywall/DOAJ/archive.org
دراسة تحلیلیة لمشکلات المعاملة الضریبیة للعملات المشفرة [أحمد محمد إبراهیم; علاء فتحی زهری; محمد حسین أحمد]	المجلة العلمیة للدراسات التجاریة والبیئیة	2020	https://jces.journals.ekb.eg/article_119639_73b7befb78794295c05fa2397ca1eba6.pdf (doi:10.21608/jces.2020.119639)	EKB host unreachable from sandbox (connection reset, upstream failure); no copy found on Semantic Scholar/Unpaywall/DOAJ/archive.org
The role of Bitcoin as hedge, safe haven or diversifier for USA stock markets: Evidence from the DCC-GARCH approach [Eman F. Attia; Ebtehal Orabi Awad; Heba Farid]	المجلة العلمیة للدراسات التجاریة والبیئیة	2022	https://doi.org/10.21608/jces.2022.285181	EKB host unreachable from sandbox (connection reset, upstream failure); no copy found on Semantic Scholar/Unpaywall/DOAJ/archive.org
منهج مقترح للمحاسبة والإفصاح عن العملات المشفرة وفق نموذج الأعمال فی إطار تکنولوجیا سلاسل الکتل، وتحت مظلة المعاییر الدولیة للتقاریر المالیة IFRS "دراسة استطلاعیة للسوق المصری" [ناصر فراج مصطفى]	المجلة العلمیة للدراسات المحاسبیة	2020	https://sjar.journals.ekb.eg/article_119385_91a803433b1a1504b25e6f1373112695.pdf (doi:10.21608/sjar.2020.119385)	EKB host unreachable from sandbox (connection reset, upstream failure); no copy found on Semantic Scholar/Unpaywall/DOAJ/archive.org
العملات المشفرة وتقنیة البلوک تشین فی أفریقیا: تقییم الفرص والتحدیات [غادة أنیس أحمد البیاع]	المجلة العلمیة للدراسات والبحوث المالیة والتجاریة	2020	https://cfdj.journals.ekb.eg/article_97927_0b42c54bc5cd2bafcda663ee3c24d712.pdf (doi:10.21608/cfdj.2020.97927)	EKB host unreachable from sandbox (connection reset, upstream failure); no copy found on Semantic Scholar/Unpaywall/DOAJ/archive.org
مخاطر تداول العملات الرقمية المشفرة في الإنترنت المظلم دراسة قانونية علمية تطبيقية مقارنة [أحمد صلاح درويش]	المجلة القانونية	2026	https://doi.org/10.21608/jlaw.2026.468755.1437	EKB host unreachable from sandbox (connection reset, upstream failure); no copy found on Semantic Scholar/Unpaywall/DOAJ/archive.org
المسؤولية الجنائية لمنصات العملات الافتراضية المشفرة عن جريمتي غسل الأموال وتمويل الإرهاب [جود بنت محمد الغامدي; ميادة مصطفى المحروقي]	المجلة القانونية	2026	https://doi.org/10.21608/jlaw.2026.509237.1510	EKB host unreachable from sandbox (connection reset, upstream failure); no copy found on Semantic Scholar/Unpaywall/DOAJ/archive.org
الطبيعة الشرعية والقانونية لتداول العملات الافتراضية [أيمن عبد العظيم سرحان]	المجلة القانونية	2025	https://doi.org/10.21608/jlaw.2025.420857.1333	EKB host unreachable from sandbox (connection reset, upstream failure); no copy found on Semantic Scholar/Unpaywall/DOAJ/archive.org
جرائم العملات الرقمية: تمويل الإرهاب نموذجًا (وفقا للتشريع العماني) [حسين بن سعيد الغافري الغافري; أشرف بن شيخان بن سالم العوفي]	المجلة القانونية	2026	https://doi.org/10.21608/jlaw.2026.463050.1419	EKB host unreachable from sandbox (connection reset, upstream failure); no copy found on Semantic Scholar/Unpaywall/DOAJ/archive.org
أثر استخدام العملات المشفرة على جريمة الاحتيال الإلكتروني [تامر السيد أحمد السيد]	المجلة القانونية الاقتصادية	2025	https://doi.org/10.21608/jle.2025.404623.1071	EKB host unreachable from sandbox (connection reset, upstream failure); no copy found on Semantic Scholar/Unpaywall/DOAJ/archive.org
العملات الافتراضية وآثارها على الاقتصاد العالمي [أحمد إبراهيم دهشان]	المجلة القانونية الاقتصادية	2024	https://doi.org/10.21608/jle.2024.402516	EKB host unreachable from sandbox (connection reset, upstream failure); no copy found on Semantic Scholar/Unpaywall/DOAJ/archive.org
العملات المشفرة (البلوک تشین) تحدیات ومخاطر دراسة المنازعات المصرفیة بالمملکة العربیة السعودیة أنموذجاً [حسین السید حسین محمد]	المجلة القانونیة	2021	https://jlaw.journals.ekb.eg/article_190634_d0a4e50d835c3035dfaa1271e4a899ef.pdf (doi:10.21608/jlaw.2021.190634)	EKB host unreachable from sandbox (connection reset, upstream failure); no copy found on Semantic Scholar/Unpaywall/DOAJ/archive.org
مخاطر العملات المشفرة وغسل الأموال "عملة البیتكوین نموذجًا" دراسة تأصیلیة تحلیلیة مقارنة بین النهج الدولی والإستجابة الأمریكیة والمصریة Risk of cryptocurrencies and money laundering “Bitcoin is a model” A comparative analysis of the international approach and the American and Egyptian response [د. طارق أحمد ماهر زغلول]	المجلة القانونیة	2022	https://jlaw.journals.ekb.eg/article_269825_e34678aaac1f208c3b8878c650e33be1.pdf (doi:10.21608/jlaw.2022.269825)	EKB host unreachable from sandbox (connection reset, upstream failure); no copy found on Semantic Scholar/Unpaywall/DOAJ/archive.org
اتجاهات الشباب المصري نحو العملات الرقمية [إيمان عادل عبد المُنعم]	المجلة المصرية لبحوث الرأى العام	2023	https://joa.journals.ekb.eg/article_330090_47cc5f410b282a6a666b0de38631217a.pdf (doi:10.21608/joa.2023.330090)	EKB host unreachable from sandbox (connection reset, upstream failure); no copy found on Semantic Scholar/Unpaywall/DOAJ/archive.org
العوامل المؤثرة على زيادة قبول الجمهور البحريني لاستخدام العملات الرقمية. [حسين خليفة حسن خليفة; طيبة محمد الديلمي]	المجلة المصرية لبحوث الرأى العام	2024	https://doi.org/10.21608/joa.2024.367290	EKB host unreachable from sandbox (connection reset, upstream failure); no copy found on Semantic Scholar/Unpaywall/DOAJ/archive.org
اقتصاديات العملات الافتراضية المشفرة وماقد تفرضه من تحديات إقتصادية (دراسة حالة للبتکوين ) [إيناس محمد الجعفراوي]	المجلة المصرية للدراسات التجارية	2021	https://alat.journals.ekb.eg/article_206404_97ce2471d885bdad27ce411926aeb38b.pdf (doi:10.21608/alat.2021.206404)	EKB host unreachable from sandbox (connection reset, upstream failure); no copy found on Semantic Scholar/Unpaywall/DOAJ/archive.org
العملات الافتراضية وأثرها في مستقبل السياسات الاقتصادية(دراسة فقهية مقارنة) [هبة الله هانئ حامد أحمد حمدي]	حولیة کلیة الدراسات الإسلامیة والعربیة للبنات بالمنصورة	2025	https://doi.org/10.21608/bfsgm.2025.442287	EKB host unreachable from sandbox (connection reset, upstream failure); no copy found on Semantic Scholar/Unpaywall/DOAJ/archive.org
تداول العملات المشفرة وخطره على الأمن المجتمعی [خالد محمد حمدی صمیدة]	حولیة کلیة الدعوة الإسلامیة بالقاهرة	2021	https://bfdc.journals.ekb.eg/article_186409_0c31e27f809420d5e90d15f726cd1df6.pdf (doi:10.21608/bfdc.2021.186409)	EKB host unreachable from sandbox (connection reset, upstream failure); no copy found on Semantic Scholar/Unpaywall/DOAJ/archive.org
جريمة غسل الأموال واستخدام العملات المشفرة فى ارتكابها Money laundering crime and the use of cryptocurrencies in it [محمد عبدالفتاح عبدالمقصود]	روح القوانين	2024	https://doi.org/10.21608/las.2024.325213.1255	EKB host unreachable from sandbox (connection reset, upstream failure); no copy found on Semantic Scholar/Unpaywall/DOAJ/archive.org
التحديات المالية والاقتصادية للعملات المشفرة (دراسة تحليلية) Financial and Economic Challenges of Cryptocurrencies: An Analytical Study [كريمة الزكى]	روح القوانين	2026	https://doi.org/10.21608/las.2026.473271.1379	EKB host unreachable from sandbox (connection reset, upstream failure); no copy found on Semantic Scholar/Unpaywall/DOAJ/archive.org
المشتقات المالية المشفرة ودورها في إدارة مخاطر الاستثمار Encrypted financial derivatives and their role in managing investment risks [احمد ابراهيم محمد متولى]	روح القوانين	2024	https://doi.org/10.21608/las.2024.261906.1184	EKB host unreachable from sandbox (connection reset, upstream failure); no copy found on Semantic Scholar/Unpaywall/DOAJ/archive.org
العملات الافتراضية والجرائم المتعلقة بها البيتكوين نموذجًا Virtual Currencies and Related Crimes Bitcoin as a Model [محمد الهادى عبدالحكيم]	روح القوانين	2024	https://doi.org/10.21608/las.2024.292991.1220	EKB host unreachable from sandbox (connection reset, upstream failure); no copy found on Semantic Scholar/Unpaywall/DOAJ/archive.org
تحولات السياسة الجنائية في مواجهة الجرائم المالية المرتبطة بالعملات المشفرة دراسة مقارنة Transformations in Criminal Policy to Combat Financial Crimes Associated with Cryptocurrencies “A Comparative Study“ [منى غازى حسان]	روح القوانين	2026	https://doi.org/10.21608/las.2026.458703.1359	EKB host unreachable from sandbox (connection reset, upstream failure); no copy found on Semantic Scholar/Unpaywall/DOAJ/archive.org
تأثير التكنولوجيا المالية على المعايير المحاسبية الدولية: دراسة تحليلية للتجارب الدولية بشأن التعامل مع الأصول الرقمية والعملات المشفرة [د ولاء ربيع عبد العظيم أحمد]	مجلة الإبـداع المحاسبي	2025	https://doi.org/10.21608/mbs.2025.437264	EKB host unreachable from sandbox (connection reset, upstream failure); no copy found on Semantic Scholar/Unpaywall/DOAJ/archive.org
أثر مراجعة الأصول الرقمية على تحسين جودة التقارير المالية " دراسه إختبارية بالبيئة المصرية " [أ محمد سيد عبد الوهاب عطوه]	مجلة الإبـداع المحاسبي	2025	https://mbs.journals.ekb.eg/article_433856_2208723dc609b6b39be8227429b85267.pdf (doi:10.21608/mbs.2025.433856)	EKB host unreachable from sandbox (connection reset, upstream failure); no copy found on Semantic Scholar/Unpaywall/DOAJ/archive.org
أثر استخدام العقود الذكية على القياس والمحاسبة عن الأصول الرقمية في ظل المعايير الدولية "دراسة ميدانية على البنوك المركزية العالمية " [أ.د إسلام محمد عبد الحميد; أ ياسمين البدري صابر شرف الدين]	مجلة الإبـداع المحاسبي	2026	https://doi.org/10.21608/mbs.2026.523386	EKB host unreachable from sandbox (connection reset, upstream failure); no copy found on Semantic Scholar/Unpaywall/DOAJ/archive.org
العلاقة بين قياس الأصول الرقمية ودقة تنبؤات التدفقات النقدية المستقبلية فى ظل الدور المعدل لتعقد المعايير المحاسبية دراسة تطبيقية في بيئة الأعمال المصرية [د إيهاب إبراهيم حامد عبد العال; د على عباس على شنن; د هبه عبد العاطى محمد رزق]	مجلة الإبـداع المحاسبي	2026	https://doi.org/10.21608/mbs.2026.523387	EKB host unreachable from sandbox (connection reset, upstream failure); no copy found on Semantic Scholar/Unpaywall/DOAJ/archive.org
إطار محاسبي ديناميكي متكامل مقترح (DIDAR) للإعتراف والقياس والإفصاح عن الأصول الرقمية في بيئة الميتافيرس- دراسة إختبارية [احمد جمعه قرني اسماعيل]	مجلة الاسکندرية للبحوث المحاسبية	2025	https://aljalexu.journals.ekb.eg/article_431947_6423487ce862d81bd24c90811f14b2b2.pdf (doi:10.21608/aljalexu.2025.431947)	EKB host unreachable from sandbox (connection reset, upstream failure); no copy found on Semantic Scholar/Unpaywall/DOAJ/archive.org
أثر الإعتراف بالعملات الرقمية كأصل غير ملموس علي إجراءات تجميع أدلة المراجعة – دراسة تجربية [أميرة أحمد محمـد المدني; هاني خليل فرج; محـمد وليد مصطفي قاسم]	مجلة الاسکندرية للبحوث المحاسبية	2025	https://aljalexu.journals.ekb.eg/article_455003_c90a88de88dff709d8f73e6f7a85d25a.pdf (doi:10.21608/aljalexu.2025.455003)	EKB host unreachable from sandbox (connection reset, upstream failure); no copy found on Semantic Scholar/Unpaywall/DOAJ/archive.org
انعكاسات التعامل المالی بالعملات المشفرة عالمیا على الأفراد والمجتمعات [سهیلة الأحمد]	مجلة البحوث التجاریة	2023	https://doi.org/10.21608/zcom.2023.181460.1197	EKB host unreachable from sandbox (connection reset, upstream failure); no copy found on Semantic Scholar/Unpaywall/DOAJ/archive.org
دور العملات الافتراضية المشفرة في جريمتي غسل الأموال وتمويل الإرهاب [وفاء صقر; وفاء صقر]	مجلة البحوث الفقهية والقانونية	2024	https://doi.org/10.21608/jlr.2024.287819.1436	EKB host unreachable from sandbox (connection reset, upstream failure); no copy found on Semantic Scholar/Unpaywall/DOAJ/archive.org
أحكام العملات المشفرة في الفقه الإسلامي - بين المالية والنقدية [محمد أحمد شحاتة حسين حسين]	مجلة البحوث الفقهية والقانونية	2024	https://doi.org/10.21608/jlr.2024.288827.1440	EKB host unreachable from sandbox (connection reset, upstream failure); no copy found on Semantic Scholar/Unpaywall/DOAJ/archive.org
زكاة العملات الرقمية المشفرة وأحكامها الفقهية "دراسة فقهية مقارنة" [أحمد عرفة أحمد يوسف]	مجلة البحوث الفقهية والقانونية	2026	https://doi.org/10.21608/jlr.2026.482537.2034	EKB host unreachable from sandbox (connection reset, upstream failure); no copy found on Semantic Scholar/Unpaywall/DOAJ/archive.org
العملات المشفرة وجريمة غسل الأموال في البيئة الرقمية / Cryptocurrencies and the Crime of Money Laundering in the Digital Environment [luluwa alshaibani]	مجلة البحوث الفقهية والقانونية	2026	https://doi.org/10.21608/jlr.2026.487449.2067	EKB host unreachable from sandbox (connection reset, upstream failure); no copy found on Semantic Scholar/Unpaywall/DOAJ/archive.org
العملات الرقمية المشفرة وتأثيرها على دور البنوك المركزية في إدارة السياسة النقدية: البيتكوين نموذجا Encrypted Digital Currencies And Their Impact On The Role Of Central Banks In Managing Monetary Policy: Bitcoin As A Model [محمود محمد الدمرداش]	مجلة البحوث الفقهية والقانونية	2023	https://jlr.journals.ekb.eg/article_308053_7ea27d1f6c91fe537ef79fa873cef981.pdf (doi:10.21608/jlr.2023.220567.1240)	EKB host unreachable from sandbox (connection reset, upstream failure); no copy found on Semantic Scholar/Unpaywall/DOAJ/archive.org
العملات الافتراضية بين الواقع والمأمول [علي محمود أحمد]	مجلة البحوث الفقهية والقانونية	2026	https://doi.org/10.21608/jlr.2026.445886.1931	EKB host unreachable from sandbox (connection reset, upstream failure); no copy found on Semantic Scholar/Unpaywall/DOAJ/archive.org
زكاة العملات الافتراضية-دراسة فقهية / Zakat on Virtual Currencies A Jurisprudential Study [أنس النازل]	مجلة البحوث الفقهية والقانونية	2025	https://doi.org/10.21608/jlr.2025.351009.1620	EKB host unreachable from sandbox (connection reset, upstream failure); no copy found on Semantic Scholar/Unpaywall/DOAJ/archive.org
دور الفتاوى الإلكترونية الاقتصادية في تعزيز التنمية المستدامة العملة الرقمية البتكوين BITCOIN)) أنموذجًا دراسة فقهية مقارنة / The Role of Economic Electronic Fatwas in Promoting Sustainable Development: A Case Study of Bitcoin (BITCOIN ( A Comparative Jurisprudential Study [محمد سعد الدين عبد العزيز متولي]	مجلة البحوث الفقهية والقانونية	2025	https://doi.org/10.21608/jlr.2025.378277.1727	EKB host unreachable from sandbox (connection reset, upstream failure); no copy found on Semantic Scholar/Unpaywall/DOAJ/archive.org
الحماية الجنائية لمستخدمي العُملات الرقمية الافتراضية (دراسة مقارنة) / Criminal Protection for Virtual Currency Users (Comparative Study) [أحمد كامل حامد نعيم]	مجلة البحوث الفقهية والقانونية	2025	https://jlr.journals.ekb.eg/article_431868_c7f0fbf11dddada930ac90d898585c86.pdf (doi:10.21608/jlr.2025.377924.1726)	EKB host unreachable from sandbox (connection reset, upstream failure); no copy found on Semantic Scholar/Unpaywall/DOAJ/archive.org
زكاة العملات الافتراضیة | Zakat on Virtual Currencies [عبدالمجید بن جدید]	مجلة البحوث الفقهیة والقانونیة	2023	https://jlr.journals.ekb.eg/article_280237_eb73f3eae7dd4ef08334790990363edc.pdf (doi:10.21608/jlr.2023.184471.1155)	EKB host unreachable from sandbox (connection reset, upstream failure); no copy found on Semantic Scholar/Unpaywall/DOAJ/archive.org
محل التنفیذ الافتراضی (البیتکوین نموذجا) "دراسة وصفیة تحلیلیة مقارنة" Default Implementation Place (Bitcoin example) " comparative descriptive comparison study" [محمد یحیى أحمد عطیة]	مجلة البحوث الفقهیة والقانونیة	2022	https://jlr.journals.ekb.eg/article_251615_d7014209b36eaf2e0624a9f8e88be5fb.pdf (doi:10.21608/jlr.2022.138301.1067)	EKB host unreachable from sandbox (connection reset, upstream failure); no copy found on Semantic Scholar/Unpaywall/DOAJ/archive.org
العملات المشفرة وأثرها على الإيرادات العامة للدولة . [احمد جاسم محمد الدليمي]	مجلة البحوث القانونية والإقتصادية (المنصورة)	2026	https://doi.org/10.21608/mjle.2026.521098	EKB host unreachable from sandbox (connection reset, upstream failure); no copy found on Semantic Scholar/Unpaywall/DOAJ/archive.org
جريمة التعامل في العملات المشفرة أو النقود الرقمية "دراسة مقارنة" [محمد جبريل ابراهيم]	مجلة البحوث القانونية والإقتصادية (المنصورة)	2022	https://doi.org/10.21608/mjle.2022.235668	EKB host unreachable from sandbox (connection reset, upstream failure); no copy found on Semantic Scholar/Unpaywall/DOAJ/archive.org
أركان جريمة التعامل في العملات المشفرة والعقوبات المقررة لها. [خليل نزيه أبو يوسف]	مجلة البحوث القانونية والإقتصادية (المنصورة)	2026	https://doi.org/10.21608/mjle.2026.492910	EKB host unreachable from sandbox (connection reset, upstream failure); no copy found on Semantic Scholar/Unpaywall/DOAJ/archive.org
أركان جريمة إساءة استخدام العملات المشفرة في التشريع العراقي (دراسة مقارنة). [بلال عبد الرحمن محمود المشهداني]	مجلة البحوث القانونية والإقتصادية (المنصورة)	2025	https://doi.org/10.21608/mjle.2025.461351	EKB host unreachable from sandbox (connection reset, upstream failure); no copy found on Semantic Scholar/Unpaywall/DOAJ/archive.org
دراسة لبعض مشکلات عملة البيتکوين المشفرة [صلاح زين الدين]	مجلة البحوث القانونية والإقتصادية (المنصورة)	2022	https://mjle.journals.ekb.eg/article_217175_5aeec6609fcad1ae9047b25ffb35768b.pdf (doi:10.21608/mjle.2022.217175)	EKB host unreachable from sandbox (connection reset, upstream failure); no copy found on Semantic Scholar/Unpaywall/DOAJ/archive.org
تطور التشريعات في الاعتراف بالعملات المشفرة في الوطن العربي: دراسة حالة لدولة قطر . [د. ريم علي الأنصاري]	مجلة البحوث القانونية والإقتصادية (المنصورة)	2025	https://mjle.journals.ekb.eg/article_440374_b41fd5ff7823fabea5b56eb740f481ab.pdf (doi:10.21608/mjle.2025.440374)	EKB host unreachable from sandbox (connection reset, upstream failure); no copy found on Semantic Scholar/Unpaywall/DOAJ/archive.org
دور العملات الافتراضية في تسهيل الجرائم الجنائية . [د يحيى إبراهيم دهشان]	مجلة البحوث القانونية والإقتصادية (المنصورة)	2024	https://mjle.journals.ekb.eg/article_388677_a247376140f5bb2798b3c0db0d14fd09.pdf (doi:10.21608/mjle.2024.388677)	EKB host unreachable from sandbox (connection reset, upstream failure); no copy found on Semantic Scholar/Unpaywall/DOAJ/archive.org
النقود الرقمية (المشفرة) في ضوء الشريعة الإسلامية - دراسة فقهية مقارنة [فاطمة إسماعيل محمد مشعل]	مجلة البحوث القانونية والإقتصادية (المنصورة)	2022	https://mjle.journals.ekb.eg/article_217176_443bd4f558c8f78dc066710a19958677.pdf (doi:10.21608/mjle.2022.217176)	EKB host unreachable from sandbox (connection reset, upstream failure); no copy found on Semantic Scholar/Unpaywall/DOAJ/archive.org
دور النظام القانوني للعملات الرقمية للبنوك المركزية (CBDCs) في تعزيز السياسة النقدية . [د احمد محمد رضا رمضان]	مجلة البحوث القانونية والإقتصادية (المنصورة)	2026	https://doi.org/10.21608/mjle.2026.529337	EKB host unreachable from sandbox (connection reset, upstream failure); no copy found on Semantic Scholar/Unpaywall/DOAJ/archive.org
القانون الواجب التطبيق على استخدام العملات المشفرة والمسؤولية الناشئة عن ذلك [محمد جمال عزاز أبورحاب]	مجلة البحوث القانونية والاقتصادية	2026	https://doi.org/10.21608/lsej.2026.469501.1442	EKB host unreachable from sandbox (connection reset, upstream failure); no copy found on Semantic Scholar/Unpaywall/DOAJ/archive.org
الأبعاد القانونية والإقتصادية للعملات الإلكترونية (البتكوين) (دراسة تحليلية) [امنيه خسين محمد راضى]	مجلة البحوث القانونية والاقتصادية- المنوفية	2025	https://doi.org/10.21608/jslem.2025.388871.1392	EKB host unreachable from sandbox (connection reset, upstream failure); no copy found on Semantic Scholar/Unpaywall/DOAJ/archive.org
الأصول الرقمية وانعكاساتها على المعالجات المحاسبية في التقارير المالية [سليمان سالم محمد عامر]	مجلة البحوث المالية والتجارية	2025	https://doi.org/10.21608/jsst.2025.413933.2096	EKB host unreachable from sandbox (connection reset, upstream failure); no copy found on Semantic Scholar/Unpaywall/DOAJ/archive.org
تأثير ضغط المستثمرين كمتغير معدل في العلاقة بين الافصاح عن الأصول الرقمية و ممارسات ادارة الارباح [رشا محمد عليوة عبد الخالق]	مجلة البحوث المالية والتجارية	2026	https://doi.org/10.21608/jsst.2026.518280.2332	EKB host unreachable from sandbox (connection reset, upstream failure); no copy found on Semantic Scholar/Unpaywall/DOAJ/archive.org
أثر التنوع فى استخدام بعض العملات الافتراضیة للتغلب على معوقات التجارة الالکترونیة The effect of diversity in using some virtual currencies to overcome the obstacles of e-commerce [ریهام مصطفی عیسی; عمرو ابراهیم الشوری]	مجلة البحوث المالیة والتجاریة	2020	https://jsst.journals.ekb.eg/article_94387_369776ee85b7658855e954856ec4f6c4.pdf (doi:10.21608/jsst.2020.31499.1056)	EKB host unreachable from sandbox (connection reset, upstream failure); no copy found on Semantic Scholar/Unpaywall/DOAJ/archive.org
أثر الإبلاغ عن أمور المراجعة الحرجة المتعلقة بالعملات المشفرة في تقرير المراجعة على أتعاب المراجعة: دراسة ميدانية في البيئة المصرية . [دعاء محمد حامد النجار]	مجلة البحوث المحاسبية	2025	https://abj.journals.ekb.eg/article_468846_c78af077d6422992ab6b148e0929cf56.pdf (doi:10.21608/abj.2025.468846)	EKB host unreachable from sandbox (connection reset, upstream failure); no copy found on Semantic Scholar/Unpaywall/DOAJ/archive.org
أثر اختلاف بدائل الاعتراف المحاسبى بالعملات الرقمية المشفرة فى القوائم المالية على دقة وتشتت تنبؤات المحللين الماليين بالأرباح: دراسة تجريبية [محمد السيد, منصور يوسف]	مجلة البحوث المحاسبية	2025	https://doi.org/10.21608/abj.2025.471408	EKB host unreachable from sandbox (connection reset, upstream failure); no copy found on Semantic Scholar/Unpaywall/DOAJ/archive.org
أثر الإفصاح عن الأصول الرقمية بالقوائم المالية علي اجرءات جمع أدلة المراجعة : (دراسة تجريبية) [منى سلامة ابوسليمان حجازى]	مجلة البحوث المحاسبية	2023	https://abj.journals.ekb.eg/article_328976_b184828f5fa04547c03a8af845ec817b.pdf (doi:10.21608/abj.2023.328976)	EKB host unreachable from sandbox (connection reset, upstream failure); no copy found on Semantic Scholar/Unpaywall/DOAJ/archive.org
أثر ممارسات المحاسبة الإبداعية على جودة المعلومات المحاسبية وتبنى وإستخدام محاسبة الأصول الرقمية-دراسة تطبيقية على عينة من الشركات المصرية المدرجة بمؤشر البورصة المصرية مؤشرEGX100 EWI [حنان عبدالمنعم مصطفى حسن]	مجلة البحوث المحاسبية	2026	https://doi.org/10.21608/abj.2026.501436	EKB host unreachable from sandbox (connection reset, upstream failure); no copy found on Semantic Scholar/Unpaywall/DOAJ/archive.org
أثر اختلاف بدائل القياس و الإفصاح المحاسبي عن الأصول الرقمية على جودة المحتوى المعلوماتي للقوائم المالية بدلالة القيمة المضافة للأطراف ذوي المصلحة: دراسة تطبيقية [السيد السعيد السيد العراقي; أحمد محمود أحمد البراشي]	مجلة البحوث المحاسبية	2025	https://doi.org/10.21608/abj.2025.464905	EKB host unreachable from sandbox (connection reset, upstream failure); no copy found on Semantic Scholar/Unpaywall/DOAJ/archive.org
Acceptance and Use of Cryptocurrency in Saudi Arabia: A Case Study of Bitcoins [Enas Elshity]	مجلة الجمعیة المصریة لنظم المعلومات وتکنولوجیا الحاسبات	2022	https://jstc.journals.ekb.eg/article_274486_d0faba49ec66d39849f164cb5b89f93b.pdf (doi:10.21608/jstc.2022.274486)	EKB host unreachable from sandbox (connection reset, upstream failure); no copy found on Semantic Scholar/Unpaywall/DOAJ/archive.org
العملات الرقمية (البتكوين نموذجا) حقيقتها وحكم التعامل بها [موضي بنت صالح اللحيدان]	مجلة الدراسات العربية	2024	https://dram.journals.ekb.eg/article_341204_a813384a112d1f7b21d375e262a85890.pdf (doi:10.21608/dram.2024.341204)	EKB host unreachable from sandbox (connection reset, upstream failure); no copy found on Semantic Scholar/Unpaywall/DOAJ/archive.org
الأحکام الفقهية المتعلقة بالعملات الرقمية (دراسة فقهية مقارنة) [نجلاء إبراهيم برکات عبد المجيد]	مجلة الدراسات العربية	2018	https://dram.journals.ekb.eg/article_162091_2a10f901ad7ebff51f4ef12811069d9f.pdf (doi:10.21608/dram.2018.162091)	EKB host unreachable from sandbox (connection reset, upstream failure); no copy found on Semantic Scholar/Unpaywall/DOAJ/archive.org
استخدام العملات الرقمية المشفرة ( المخاطر – الحلول) [حسام نبيل الشنراقي]	مجلة الدراسات القانونية والاقتصادية	2023	https://jdl.journals.ekb.eg/article_316472_0e7cc40d373b25de762584aa6f456f4b.pdf (doi:10.21608/jdl.2023.234442.1210)	EKB host unreachable from sandbox (connection reset, upstream failure); no copy found on Semantic Scholar/Unpaywall/DOAJ/archive.org
العملات الافتراضية ووظائف النقود [وفاء سالم على السيد]	مجلة الدراسات القانونية والاقتصادية	2024	https://jdl.journals.ekb.eg/article_344980_524ed1d29c512fdb2846be1b94dfaef8.pdf (doi:10.21608/jdl.2024.275676.1297)	EKB host unreachable from sandbox (connection reset, upstream failure); no copy found on Semantic Scholar/Unpaywall/DOAJ/archive.org
العملات الافتراضية ومفهوم النقود في القانون الجنائي إقراض البيتكوين بفائدة نموذجاً [حسام محمد السيد أفندي]	مجلة الدراسات القانونية والاقتصادية	2026	https://doi.org/10.21608/jdl.2026.528399.1821	EKB host unreachable from sandbox (connection reset, upstream failure); no copy found on Semantic Scholar/Unpaywall/DOAJ/archive.org
أثر القیاس والإفصاح المحاسبی عن العملات الافتراضیة المشفرة على جودة التقاریر المالیة فی ضوء المعاییر الدولیة لأعداد التقاریر المالیة (IFRS). (دراسة اختباریة) [زینب خلف عبدالرحمن زینب خلف]	مجلة الدراسات المالیة والتجاریة	2023	https://mosj.journals.ekb.eg/article_292874_5170ee2a44e367d4453503aff4ff2043.pdf (doi:10.21608/mosj.2023.292874)	EKB host unreachable from sandbox (connection reset, upstream failure); no copy found on Semantic Scholar/Unpaywall/DOAJ/archive.org
اثر العملات المشفرة على المعالجة المحاسبية فى ضوء معيار IFRS دراسة استطلاعية للسوق السعودى [مى طوبار]	مجلة الدراسات والبحوث التجارية	2022	https://doi.org/10.21608/jcsr.2022.347165	EKB host unreachable from sandbox (connection reset, upstream failure); no copy found on Semantic Scholar/Unpaywall/DOAJ/archive.org
The Impact of Central Bank Digital Currency Adoption on Monetary Policy Effectiveness: Empirical Evidence from Developing Countries [Marwa E. M. Kamal; Mohamed Mounir Fouad Samaha; Nanis Fekry Mohamed]	مجلة الدراسات والبحوث التجارية	2026	https://doi.org/10.21608/jcsr.2026.498500.1090	EKB host unreachable from sandbox (connection reset, upstream failure); no copy found on Semantic Scholar/Unpaywall/DOAJ/archive.org
الأحکام الفقهية المتعلقة بالعملات الرقمية "دراسة فقهية مقارنة" [نجلاء المتولي الشحات المرساوي]	مجلة الزهراء	2021	https://zjac.journals.ekb.eg/article_203992_c88743ba4d176b9b9c66e19b7a326dfb.pdf (doi:10.21608/zjac.2021.203992)	EKB host unreachable from sandbox (connection reset, upstream failure); no copy found on Semantic Scholar/Unpaywall/DOAJ/archive.org
أثر العملات المشفرة على النمو الاقتصادي [محمد ابراهيم راشد; احمد محمد وجيد قمرة]	مجلة السياسة والاقتصاد	2025	https://jocu.journals.ekb.eg/article_421206_65df4a1c7e562752d20e3a0be1c75970.pdf (doi:10.21608/jocu.2025.371512.1428)	EKB host unreachable from sandbox (connection reset, upstream failure); no copy found on Semantic Scholar/Unpaywall/DOAJ/archive.org
جرائم العملات المشفرة بين القانون الكويتي والفقه الإسلامي: غسيل الأموال أنموذجاً [نوره طلال الجلال السهلي]	مجلة الشريعة والقانون بالقاهرة	2026	https://doi.org/10.21608/mawq.2026.478925.1278	EKB host unreachable from sandbox (connection reset, upstream failure); no copy found on Semantic Scholar/Unpaywall/DOAJ/archive.org
العملات الرقمية المشفرة وأثرها على النظام الاقتصادي [حسن سيد حسن علي اليداك]	مجلة الشريعة والقانون بالقاهرة	2022	https://mawq.journals.ekb.eg/article_270335_c1d68e96e817948caf4af56cec2f6538.pdf (doi:10.21608/mawq.2022.270335)	EKB host unreachable from sandbox (connection reset, upstream failure); no copy found on Semantic Scholar/Unpaywall/DOAJ/archive.org
العملات الرقمية وأثرها على النظام الاقتصادي [محمد محمود إبراهيم محمود]	مجلة الشريعة والقانون بالقاهرة	2022	https://mawq.journals.ekb.eg/article_270347_bcc537a5c7d1a0a5320f015e1f0c7099.pdf (doi:10.21608/mawq.2022.270347)	EKB host unreachable from sandbox (connection reset, upstream failure); no copy found on Semantic Scholar/Unpaywall/DOAJ/archive.org
مهددات الأمن الاقتصادي "العملات الرقمية نموذجا" [عبير ربحي قدومي]	مجلة الشريعة والقانون بالقاهرة	2018	https://mawq.journals.ekb.eg/article_250338_c1c07750d9951f20624507d9079591a3.pdf (doi:10.21608/mawq.2018.250338)	EKB host unreachable from sandbox (connection reset, upstream failure); no copy found on Semantic Scholar/Unpaywall/DOAJ/archive.org
العملات الرقمية وأثرها على النظام الاقتصادي دراسة فقهية [حنان عبد الكريم محمد حسن]	مجلة الشريعة والقانون بالقاهرة	2023	https://mawq.journals.ekb.eg/article_299438_6e37128b37027b91398cf168a7770151.pdf (doi:10.21608/mawq.2023.299438)	EKB host unreachable from sandbox (connection reset, upstream failure); no copy found on Semantic Scholar/Unpaywall/DOAJ/archive.org
أحكام النقود الرقمية في الشريعة الإسلامية "Bitcoin" البتكوين أنموذجاً [ياسر السيد عبد العظيم]	مجلة الشريعة والقانون بالقاهرة	2022	https://mawq.journals.ekb.eg/article_270319_6be178dab05d751054ca357fa8030fe3.pdf (doi:10.21608/mawq.2022.270319)	EKB host unreachable from sandbox (connection reset, upstream failure); no copy found on Semantic Scholar/Unpaywall/DOAJ/archive.org
تيسير الشمول المالي الرقمي لذوي الهمم ودوره في التنمية المستدامة النقود الرقمية المركزية نموذجا، مع رؤية اقتصادية إسلامية [رمضان الروبي]	مجلة الشريعة والقانون بالقاهرة	2023	https://mawq.journals.ekb.eg/article_411099_f5711ed2d258585521c47bba6e7c3ee1.pdf (doi:10.21608/mawq.2023.411099)	EKB host unreachable from sandbox (connection reset, upstream failure); no copy found on Semantic Scholar/Unpaywall/DOAJ/archive.org
العملات المشفرة البتکوين والأدوات المالية المستحدثة [فادي توکل]	مجلة العلوم القانونية والاقتصادية	2020	https://doi.org/10.21608/jelc.2020.174458	EKB host unreachable from sandbox (connection reset, upstream failure); no copy found on Semantic Scholar/Unpaywall/DOAJ/archive.org
التنظيم القانوني للعملات المشفرة البتکوين دراسة تحليلية للنظام الألماني والأمريکي [فادي توکل]	مجلة العلوم القانونية والاقتصادية	2019	https://jelc.journals.ekb.eg/article_174444_ac19a858799a41fe44a0fa7b532941d7.pdf (doi:10.21608/jelc.2019.174444)	EKB host unreachable from sandbox (connection reset, upstream failure); no copy found on Semantic Scholar/Unpaywall/DOAJ/archive.org
(السياسة النقدية ومواكبة التحولات الرقمية النقود المشفرة نموذجاً) [الدكتور صلاح حامد محمد حسنين]	مجلة العلوم القانونية والاقتصادية	2023	https://jelc.journals.ekb.eg/article_285810_87266c0a3bdab173829ea2dd7f0dcbeb.pdf (doi:10.21608/jelc.2023.285810)	EKB host unreachable from sandbox (connection reset, upstream failure); no copy found on Semantic Scholar/Unpaywall/DOAJ/archive.org
الأصول الافتراضيّة القيمية "NFTs" بين حق الملكية وحق المؤلف "قراءة في التجربة الفرنسية" [محمود حسن السحلي]	مجلة العلوم القانونية والاقتصادية	2023	https://doi.org/10.21608/jelc.2023.198807.1088	EKB host unreachable from sandbox (connection reset, upstream failure); no copy found on Semantic Scholar/Unpaywall/DOAJ/archive.org
الأصول الافتراضيّة القيمية بين حق الملكية وحق المؤلف "قراءة في التجربة الفرنسية"NFTs" [د محمود حسن السحلي]	مجلة العلوم القانونية والاقتصادية	2023	https://jelc.journals.ekb.eg/article_311530_5b2bb4c0175a7175722bfeb9caffed7b.pdf (doi:10.21608/jelc.2023.311530)	EKB host unreachable from sandbox (connection reset, upstream failure); no copy found on Semantic Scholar/Unpaywall/DOAJ/archive.org
دور الرموز غير القابلة للاستبدال (NFT) كأصول رقمية قابلة للتخصيص في تعزيز الإبداع المشترك بين المتلقي والبراند [هيبت طارق حسني; سمر هاني السعيد أبو دنيا; محمد محمود كمال الدين موسي]	مجلة العمارة والفنون والعلوم الإنسانية	2026	https://doi.org/10.21608/mjaf.2026.491856.4032	EKB host unreachable from sandbox (connection reset, upstream failure); no copy found on Semantic Scholar/Unpaywall/DOAJ/archive.org
العملات المشفرة ( البلوک تشين ) تحديات ومخاطر مرتقبة حال إنتشارها عالمياً (دراسة المنازعات المصرفية بالمملکة العربية السعودية أنموذجاً ) [حسين السيد حسين محمد]	مجلة القانون والاقتصاد	2021	https://mle.journals.ekb.eg/article_164948_8900cdfbade13ef06d9e533e8d768f68.pdf (doi:10.21608/mle.2021.56869.1004)	EKB host unreachable from sandbox (connection reset, upstream failure); no copy found on Semantic Scholar/Unpaywall/DOAJ/archive.org
التوجه نحو التنظيم القانونى للعملات الافتراضية (دراسة تحليلية معمقة ) [هبة الله محمد علاء الدين منصور]	مجلة القانون والاقتصاد	2024	https://doi.org/10.21608/mle.2024.201282.1070	EKB host unreachable from sandbox (connection reset, upstream failure); no copy found on Semantic Scholar/Unpaywall/DOAJ/archive.org
حكم التعامل العملات الرقمية المشفرة بين مقاصد الشرع وضرورة العصر [عبد السلام كمال عبد اللطيف]	مجلة اللغة العربية والعلوم الإسلامية	2024	https://jlais.journals.ekb.eg/article_344673_8be1f047b6651bab73f45f22a4d50592.pdf (doi:10.21608/jlais.2024.257306.1053)	EKB host unreachable from sandbox (connection reset, upstream failure); no copy found on Semantic Scholar/Unpaywall/DOAJ/archive.org
أثر الإفصاح عن الأصول الرقمية على إدارة الأرباح: دراسة تطبيقية [أحمد مظهر إبراهيم سلامة]	مجلة النيل للعلوم التجارية والقانونية ونظم المعلومات	2026	https://doi.org/10.21608/mnsli.2026.469924.1144	EKB host unreachable from sandbox (connection reset, upstream failure); no copy found on Semantic Scholar/Unpaywall/DOAJ/archive.org
أثر العملات المشفرة على البيئة عالمياً خلال الفترة (2010–2023) حالة (البيتكوين) [كريمة محمد الصغير; محمد حسنين عبدالرحمن حسن; ولاء حسين عبد الله]	مجلة بحوث الأعمال	2026	https://doi.org/10.21608/abs.2025.449760.1099	EKB host unreachable from sandbox (connection reset, upstream failure); no copy found on Semantic Scholar/Unpaywall/DOAJ/archive.org
Herding Behavior and Price Dispersion in Cryptocurrency Markets: Evidence from Nonlinear CSAD Models [هبة محمد محمد سرور]	مجلة بحوث الأعمال	2026	https://doi.org/10.21608/abs.2026.478419.1119	EKB host unreachable from sandbox (connection reset, upstream failure); no copy found on Semantic Scholar/Unpaywall/DOAJ/archive.org
من الإعلانات الإلكترونية المجانية إلى العملات الرقمية [رباب العجماوي]	مجلة بحوث الإعلام الرقمي	2026	https://doi.org/10.21608/jsmd.2026.452441.1071	EKB host unreachable from sandbox (connection reset, upstream failure); no copy found on Semantic Scholar/Unpaywall/DOAJ/archive.org
تأثير المتغيرات الاقتصادية على سعر البيتكوين: دلائل من الولايات المتحدة الامريكية والهند ومصر [محمد عبد اللطيف محمد جابر; نهال فريد مصطفى; السيد عبد اللطيف الصيفي]	مجلة جامعة الإسکندرية للعلوم الإدارية	2025	https://doi.org/10.21608/acj.2025.467590	EKB host unreachable from sandbox (connection reset, upstream failure); no copy found on Semantic Scholar/Unpaywall/DOAJ/archive.org
العملات الافتراضية المشفرة (ماهيتها، وخصائصها، ووضعها القانوي) [سمر محمد أحمد علي]	مجلة جامعة جنوب الوادى الدولية للدراسات القانونية	2025	https://doi.org/10.21608/kias.2026.447769.1053	EKB host unreachable from sandbox (connection reset, upstream failure); no copy found on Semantic Scholar/Unpaywall/DOAJ/archive.org
جريمة استعمال العملات المشفرة دراسة مقارنة [محمد جبريل ابراهيم حسن حسن]	مجلة جامعة جنوب الوادى الدولية للدراسات القانونية	2021	https://kias.journals.ekb.eg/article_251690_401061c536409ec61c16c3df93010c96.pdf (doi:10.21608/kias.2022.106456.1020)	EKB host unreachable from sandbox (connection reset, upstream failure); no copy found on Semantic Scholar/Unpaywall/DOAJ/archive.org
العملات المشفرة اداة لتمويل الارهاب وغسيل الاموال [هانى البيلى]	مجلة حقوق دمياط للدراسات القانونية والاقتصادية	2024	https://doi.org/10.21608/mhdl.2024.310316.1117	EKB host unreachable from sandbox (connection reset, upstream failure); no copy found on Semantic Scholar/Unpaywall/DOAJ/archive.org
إقتصاديات الاصول والعملات الرقمية المشفرة [عبدالرحمن إبراهيم بجاتو]	مجلة حقوق دمياط للدراسات القانونية والاقتصادية	2026	https://doi.org/10.21608/mhdl.2026.406586.1188	EKB host unreachable from sandbox (connection reset, upstream failure); no copy found on Semantic Scholar/Unpaywall/DOAJ/archive.org
العملات الرقمية والمشفرة والتحولات الاقتصادية العالمية [السيد علي إبراهيم مجاهد]	مجلة حقوق دمياط للدراسات القانونية والاقتصادية	2026	https://doi.org/10.21608/mhdl.2026.395436.1179	EKB host unreachable from sandbox (connection reset, upstream failure); no copy found on Semantic Scholar/Unpaywall/DOAJ/archive.org
العُملَات الافْتِرَاضِیَّة المُشَفَّــــرة ماهیتُها -خصائصُها - تکییفاتُها الفقهیة (بیتکوین Bitcoin أنموذجًا) [أ.د. أحمد سعد علی البرعی]	مجلة دار الإفتاء المصریة	2019	https://dftaa.journals.ekb.eg/article_126271_a54b0c73a55bc20845f94cb785fd9545.pdf (doi:10.21608/dftaa.2019.126271)	EKB host unreachable from sandbox (connection reset, upstream failure); no copy found on Semantic Scholar/Unpaywall/DOAJ/archive.org
العملات الرقمية وقدرتها على القيام بوظائف النقود في الفقه الإسلامي [عمرو محمد غانم أبو العلا]	مجلة قطاع الشريعة والقانون	2023	https://jssl.journals.ekb.eg/article_288475_bf922f1af2fe60128682eedb82389282.pdf (doi:10.21608/jssl.2023.288475)	EKB host unreachable from sandbox (connection reset, upstream failure); no copy found on Semantic Scholar/Unpaywall/DOAJ/archive.org
دراسة الرموز غير القابلة للاستبدال من منظور الفقه الإسلامي [د. سعدية الجزار]	مجلة قطاع الشريعة والقانون	2026	https://doi.org/10.21608/jssl.2026.468129.1204	EKB host unreachable from sandbox (connection reset, upstream failure); no copy found on Semantic Scholar/Unpaywall/DOAJ/archive.org
انتـقال ملـكية الأصول الرقـمية بالوفـاة بين الإشكـالات الشرعـية والتحديـات القـانونية Transfer of ownership of digital assets by death between legal problems and legal challenges [حسن الحمراوي]	مجلة قطاع الشريعة والقانون	2024	https://jssl.journals.ekb.eg/article_356781_f0b0e43175e6c2bf315953e85eded354.pdf (doi:10.21608/jssl.2024.276260.1034)	EKB host unreachable from sandbox (connection reset, upstream failure); no copy found on Semantic Scholar/Unpaywall/DOAJ/archive.org
بروتوكول إصدار العملات المشفرة (البلوك تشين) “دراسة مقارنة مع الاقتصاد الإسلامي” [محمد أحمد على أبو يوسف]	مجلة مركز صالح كامل للإقتصاد الإسلامى بجامعة الأزهر	2023	https://doi.org/10.21608/skjaz.2023.480294	EKB host unreachable from sandbox (connection reset, upstream failure); no copy found on Semantic Scholar/Unpaywall/DOAJ/archive.org
حكم البتكوين والعملات الرقمية Ruling on Bitcoin and Digital Currencies [غسان محمد الشيخ]	مجلة مركز صالح كامل للإقتصاد الإسلامى بجامعة الأزهر	2018	https://skjaz.journals.ekb.eg/article_355831_24046dd30ef7adc4b38b6b421f99239d.pdf (doi:10.21608/skjaz.2018.355831)	EKB host unreachable from sandbox (connection reset, upstream failure); no copy found on Semantic Scholar/Unpaywall/DOAJ/archive.org
التعاقد بالعملات الرقمية عبر خاصية البلوك تشين من منظور التشريع الإسلامي [خالد حسن احمد حامد]	مجلة کلية الآداب جامعة أسوان	2025	https://mkasu.journals.ekb.eg/article_403529_78061110e6385dcc3f9f11c18d535391.pdf (doi:10.21608/mkasu.2025.339057.1404)	EKB host unreachable from sandbox (connection reset, upstream failure); no copy found on Semantic Scholar/Unpaywall/DOAJ/archive.org
عملة البتكوين والتجارة الالكترونية [سلمى حمود]	مجلة کلية الاداب.جامعة المنصورة	2024	https://doi.org/10.21608/artman.2023.241484.2343	EKB host unreachable from sandbox (connection reset, upstream failure); no copy found on Semantic Scholar/Unpaywall/DOAJ/archive.org
تحليل دور العملات الرقمية في تعزيز الشمول المالي: الفرص والتحديات [عبد الحليم محمود مصباح فتحى شرف]	مجلة کلية الاقتصاد والعلوم السياسية	2025	https://doi.org/10.21608/jpsa.2025.423544	EKB host unreachable from sandbox (connection reset, upstream failure); no copy found on Semantic Scholar/Unpaywall/DOAJ/archive.org
العملات الرقمية المستقرة المدعومة بالذهب، دراسة فقهية [د سهير محمد يوسف القضاه]	مجلة کلية البنات الأزهرية بطيبة، جامعة الأزهر	2026	https://doi.org/10.21608/jfga.2026.487132.1111	EKB host unreachable from sandbox (connection reset, upstream failure); no copy found on Semantic Scholar/Unpaywall/DOAJ/archive.org
التنظيم القانوني للعملات الرقمية الافتراضية في المملكة العربية السعودية (البتكوين أنموذجًا) [بشرى بنت إبراهيم السعوي; سارة بنت عبدالله التويجري; علياء بنت صالح الزغيبي; مي بنت إبراهيم المحيميد]	مجلة کلية البنات الأزهرية بطيبة، جامعة الأزهر	2025	https://doi.org/10.21608/jfga.2025.437631.1088	EKB host unreachable from sandbox (connection reset, upstream failure); no copy found on Semantic Scholar/Unpaywall/DOAJ/archive.org
العملات الرقمية إنشاؤها وتداولها من منظور فقهي "دراسة مقارنة" [تغربد خفاجي]	مجلة کلية الدراسات الإسلامية والعربية للبنات بالإسکندرية	2025	https://doi.org/10.21608/bfda.2025.380508.1706	EKB host unreachable from sandbox (connection reset, upstream failure); no copy found on Semantic Scholar/Unpaywall/DOAJ/archive.org
العملات الإلكترونية "البيتْكُويْن" أنموذجاً - دراسة فقهية - [عبدالحكيم بن عبدالله القبيسي]	مجلة کلية الدراسات الإسلامية والعربية للبنات بالإسکندرية	2023	https://bfda.journals.ekb.eg/article_335641_dedadceb4eed7d9ab1aeb27dad5d9955.pdf (doi:10.21608/bfda.2023.335641)	EKB host unreachable from sandbox (connection reset, upstream failure); no copy found on Semantic Scholar/Unpaywall/DOAJ/archive.org
العملات الرقمية وأثرها على النظام الاقتصادي المعاصر: دراسة فقهية واقتصادية وقانونية [صفية حسن أحمد حسن]	مجلة کلية الدراسات الإسلامية والعربية للبنات بالإسکندرية	2025	https://doi.org/10.21608/bfda.2025.416911.1747	EKB host unreachable from sandbox (connection reset, upstream failure); no copy found on Semantic Scholar/Unpaywall/DOAJ/archive.org
العملات المشفرة المستقرة: رؤية اقتصادية قانونية فقهية، عملة الإمارات الافتراضية AE coin أنموذجا [ياسر أحمد أحمد الفقي]	مجلة کلية الدراسات الإسلامية والعربية للبنات بدمنهور	2025	https://jcia.journals.ekb.eg/article_445597_1f649f0c37cffa692f46a2066b459f99.pdf (doi:10.21608/jcia.2025.445597)	EKB host unreachable from sandbox (connection reset, upstream failure); no copy found on Semantic Scholar/Unpaywall/DOAJ/archive.org
استكشاف استخدام العملات المشفرة في قطاع السياحة المصري: الفرص والتحديات [منة الله عادل ابراهيم]	مجلة کلية السياحة والفنادق - جامعة مدينة السادات	2024	https://mfth.journals.ekb.eg/article_404235_9a25b6e60e7ee77ed469cb27fe425047.pdf (doi:10.21608/mfth.2024.404235)	EKB host unreachable from sandbox (connection reset, upstream failure); no copy found on Semantic Scholar/Unpaywall/DOAJ/archive.org
العملات الافتراضية المشفرة وأثرها على مستقبل المعاملات (الواقع وآفاق المستقبل) [منصور علي منصور شطا]	مجلة کلية الشريعة و القانون بطنطا	2022	https://mksq.journals.ekb.eg/article_254937_374183528ad787ab1d09773f3abb2f90.pdf (doi:10.21608/mksq.2022.254937)	EKB host unreachable from sandbox (connection reset, upstream failure); no copy found on Semantic Scholar/Unpaywall/DOAJ/archive.org
التكييف الفقهي للرموز الرقمية غير القابلة للاستبدال وأثره دراسة فقهية مقارنة The Jurisprudential Adaptation of Non-Fungible Digital Tokens and Its Impact A Comparative Jurisprudential Study [عادل السيد ثابت طه]	مجلة کلية الشريعة والقانون بأسيوط	2026	https://doi.org/10.21608/jfsu.2026.474356.1351	EKB host unreachable from sandbox (connection reset, upstream failure); no copy found on Semantic Scholar/Unpaywall/DOAJ/archive.org
العملات الافتراضية في ميزان الفقه الإسلامي [عبدالحليم منصور]	مجلة کلية الشريعة والقانون بتفهنا الأشراف - دقهلية	2024	https://jfslt.journals.ekb.eg/article_369433_d21d398f1034ba275f5d8fe011a355e2.pdf (doi:10.21608/jfslt.2024.369433)	EKB host unreachable from sandbox (connection reset, upstream failure); no copy found on Semantic Scholar/Unpaywall/DOAJ/archive.org
أَثَرُ الضَّوَابِطِ وَالْمَقَاصِدِ الشَّرْعِيَّةِ لِلْنُقُوْدِ فِيْ الْحُكْمِ عَلَى الْعُمْلَاتِ الرَّقْمِيَّةِ " بيتكوين وأشباهها " دِرِاسَةٌ فِقْهِيَّةٌ مُقَارَنَةٌ [اسلام عبد العزيز الشافعي]	مجلة کلية دار العلوم – جامعة الفيوم	2024	https://doi.org/10.21608/mkdaf.2024.293387.1164	EKB host unreachable from sandbox (connection reset, upstream failure); no copy found on Semantic Scholar/Unpaywall/DOAJ/archive.org
العملة المشفرة (البتکوین) تکییفها الفقهی وحکمها الشرعی دراسة فقهیة مقارنة [حسن عبد الله عبد المقصود أبو زهو]	مجلة کلیة الدراسات الإسلامیة والعربیة للبنات بکفر الشیخ	2018	https://fica.journals.ekb.eg/article_35632_5288a7b927d83d3c4a2beff5ba403311.pdf (doi:10.21608/fica.2018.35632)	EKB host unreachable from sandbox (connection reset, upstream failure); no copy found on Semantic Scholar/Unpaywall/DOAJ/archive.org
تحـدیــــــــات النظام النقدی العالمی حول التنظیم الرسمی للعملة المشفرة "بتکوین" [عمــــــار السید عبد الباســـــــط]	مجلة کلیة الشریعة والقانون بتفهنا الأشراف - دقهلیة	2021	https://jfslt.journals.ekb.eg/article_217897_ec85b27f95c2763b1875c715450e4416.pdf (doi:10.21608/jfslt.2021.217897)	EKB host unreachable from sandbox (connection reset, upstream failure); no copy found on Semantic Scholar/Unpaywall/DOAJ/archive.org
The cryptocurrencies could change the nature of monetary policy [Gehad Sherif]	هرمس	2021	https://hermes.journals.ekb.eg/article_207303_eafc65d24bedf3419aa55c09ec548eb6.pdf (doi:10.21608/herms.2021.207303)	EKB host unreachable from sandbox (connection reset, upstream failure); no copy found on Semantic Scholar/Unpaywall/DOAJ/archive.org
التعامل بالعملات الافتراضية وزكاتها	مجلة كلية الدراسات الإسلامية والعربية (jcia)		https://jcia.journals.ekb.eg/article_79533_d01e711c231eb3eb376e3174afd4f5b9.pdf	EKB host unreachable; found via web search, not in Crossref results
النقود الرقمية وأثر التعامل بها على الحياة الاقتصادية - دراسة فقهية اقتصادية مقارنة	مجلة البحوث الفقهية والقانونية (jlr)		https://jlr.journals.ekb.eg/article_251826.html	EKB host unreachable; found via web search, not in Crossref results
النقود الافتراضية مفهومها وأنواعها وآثارها الاقتصادية	المجلة العلمية للاقتصاد والتجارة (jsec)		https://jsec.journals.ekb.eg/article_39778.html	EKB host unreachable; found via web search, not in Crossref results
الأحكام الفقهية للعملات الرقمية دراسة مقارنة (جاسم كاظم عبدالله)	مجلة الشريعة والقانون بالقاهرة (mawq)	2022	https://mawq.journals.ekb.eg/article_270323.html	EKB host unreachable; found via web search, not in Crossref results
تقييم اقتصادي أولي لمخاطر البيتكوين	مجلة السياسة والاقتصاد (jpsa)	2021	https://jpsa.journals.ekb.eg/article_189944.html	EKB host unreachable; found via web search, not in Crossref results
الاستثمار في العملات الافتراضية (سالي سمير فهمي عبد المسيح)	المجلة القانونية (jlaw)		https://jlaw.journals.ekb.eg/article_207124.html	EKB host unreachable; found via web search, not in Crossref results
سلسلة الكتل "البلوك شين" ودورها في الحد من جريمة غسل الأموال	مجلة الدراسات القانونية والاقتصادية (jdl)	2023	https://jdl.journals.ekb.eg/article_288635.html	EKB host unreachable; found via web search, not in Crossref results
The Bitcoin Wallets: how to be anonymous?	Benha Journal of Applied Sciences (bjas)		https://www.bjas.journals.ekb.eg/article_447508_70d6135e3d0dcee150d3a29472757cc5.pdf	EKB host unreachable; found via web search, not in Crossref results
(untitled in index; crypto/central banks, jlr) article 308053	مجلة البحوث الفقهية والقانونية (jlr)		https://jlr.journals.ekb.eg/article_308053_7a8a9b4fe614de862dd4f7fde68628c8.pdf	EKB host unreachable; found via web search, not in Crossref results
(crypto-related; title not resolved) article 120047	المجلة العلمية للاقتصاد والتجارة (jsec)		https://jsec.journals.ekb.eg/article_120047_a93984d2ce1d82abcd892f7f3637d415.pdf	EKB host unreachable; found via web search, not in Crossref results
